fecha,anio,mes,anio_fiscal,segmento,transitos,calado_promedio_pies,toneladas_cp_suez,peajes_usd,precio_barril_usd,precio_barril_usd_ma3
2019-10-01,2019,10,2020,Portacontenedores,227,35.8,11577819,72100327,59.63130434782609,59.63
2019-10-01,2019,10,2020,Graneles_secos,152,34.8,6995453,40637245,59.63130434782609,59.63
2019-10-01,2019,10,2020,Quimiqueros,172,36.6,8950051,53511208,59.63130434782609,59.63
2019-10-01,2019,10,2020,Tanqueros,112,44.5,5458888,27510369,59.63130434782609,59.63
2019-10-01,2019,10,2020,Carga_refrigerada,66,36.2,3433821,18348195,59.63130434782609,59.63
2019-10-01,2019,10,2020,Vehiculos_RoRo,50,37.3,2739016,13690941,59.63130434782609,59.63
2019-10-01,2019,10,2020,Gas_licuado_GLP,40,38.6,1970338,11784710,59.63130434782609,59.63
2019-10-01,2019,10,2020,Gas_natural_GNL,28,41.7,1739729,7384815,59.63130434782609,59.63
2019-10-01,2019,10,2020,Pasajeros,13,36.7,649061,4227065,59.63130434782609,59.63
2019-10-01,2019,10,2020,Otros,36,36.6,1382549,11016853,59.63130434782609,59.63
2019-11-01,2019,11,2020,Otros,37,40.6,1850174,9902167,62.68666666666667,61.16
2019-11-01,2019,11,2020,Pasajeros,13,42.0,599812,3999052,62.68666666666667,61.16
2019-11-01,2019,11,2020,Gas_natural_GNL,30,39.2,1043835,7040055,62.68666666666667,61.16
2019-11-01,2019,11,2020,Gas_licuado_GLP,45,43.2,1899458,11767766,62.68666666666667,61.16
2019-11-01,2019,11,2020,Vehiculos_RoRo,47,38.7,2176195,14262097,62.68666666666667,61.16
2019-11-01,2019,11,2020,Quimiqueros,184,40.3,8705583,56166281,62.68666666666667,61.16
2019-11-01,2019,11,2020,Tanqueros,105,38.7,4329886,26716713,62.68666666666667,61.16
2019-11-01,2019,11,2020,Graneles_secos,178,40.9,9250914,51432000,62.68666666666667,61.16
2019-11-01,2019,11,2020,Portacontenedores,240,42.2,9522221,69428748,62.68666666666667,61.16
2019-11-01,2019,11,2020,Carga_refrigerada,66,46.0,2512841,21036254,62.68666666666667,61.16
2019-12-01,2019,12,2020,Gas_licuado_GLP,42,39.2,1570792,11190424,65.34818181818181,62.56
2019-12-01,2019,12,2020,Otros,40,40.1,2312569,10817030,65.34818181818181,62.56
2019-12-01,2019,12,2020,Pasajeros,14,34.2,638078,3623484,65.34818181818181,62.56
2019-12-01,2019,12,2020,Gas_natural_GNL,31,33.1,1502737,8974792,65.34818181818181,62.56
2019-12-01,2019,12,2020,Vehiculos_RoRo,53,45.2,2233944,16403533,65.34818181818181,62.56
2019-12-01,2019,12,2020,Graneles_secos,171,41.9,7052857,47965459,65.34818181818181,62.56
2019-12-01,2019,12,2020,Tanqueros,116,39.7,3654153,25765398,65.34818181818181,62.56
2019-12-01,2019,12,2020,Quimiqueros,190,41.8,9561385,52451510,65.34818181818181,62.56
2019-12-01,2019,12,2020,Portacontenedores,246,37.4,10355510,65123699,65.34818181818181,62.56
2019-12-01,2019,12,2020,Carga_refrigerada,64,36.0,3084684,15601973,65.34818181818181,62.56
2020-01-01,2020,1,2020,Otros,41,43.9,1681231,9536692,63.89869565217391,63.98
2020-01-01,2020,1,2020,Pasajeros,14,38.1,623976,4910040,63.89869565217391,63.98
2020-01-01,2020,1,2020,Gas_natural_GNL,33,40.6,1443120,7872937,63.89869565217391,63.98
2020-01-01,2020,1,2020,Gas_licuado_GLP,44,38.3,1764541,12072208,63.89869565217391,63.98
2020-01-01,2020,1,2020,Vehiculos_RoRo,58,36.0,1620730,16861090,63.89869565217391,63.98
2020-01-01,2020,1,2020,Carga_refrigerada,74,43.4,4512064,29345032,63.89869565217391,63.98
2020-01-01,2020,1,2020,Quimiqueros,185,36.3,7748081,41612522,63.89869565217391,63.98
2020-01-01,2020,1,2020,Graneles_secos,202,41.4,11454697,46954794,63.89869565217391,63.98
2020-01-01,2020,1,2020,Portacontenedores,234,40.7,10941833,78241995,63.89869565217391,63.98
2020-01-01,2020,1,2020,Tanqueros,129,39.1,4287127,30879611,63.89869565217391,63.98
2020-02-01,2020,2,2020,Gas_licuado_GLP,49,46.1,2276827,11320040,55.691,61.65
2020-02-01,2020,2,2020,Otros,44,38.4,1978197,12032340,55.691,61.65
2020-02-01,2020,2,2020,Pasajeros,15,45.8,542154,3663163,55.691,61.65
2020-02-01,2020,2,2020,Vehiculos_RoRo,63,40.9,2627892,20427847,55.691,61.65
2020-02-01,2020,2,2020,Gas_natural_GNL,29,46.6,1704890,7911757,55.691,61.65
2020-02-01,2020,2,2020,Tanqueros,124,35.1,4312285,35576036,55.691,61.65
2020-02-01,2020,2,2020,Quimiqueros,195,39.8,7753531,58079363,55.691,61.65
2020-02-01,2020,2,2020,Carga_refrigerada,81,40.6,3568122,23606076,55.691,61.65
2020-02-01,2020,2,2020,Graneles_secos,207,36.4,10857684,61147393,55.691,61.65
2020-02-01,2020,2,2020,Portacontenedores,241,37.1,14948689,59561832,55.691,61.65
2020-03-01,2020,3,2020,Otros,37,39.3,1350525,9576429,33.94727272727273,51.18
2020-03-01,2020,3,2020,Pasajeros,16,44.8,626677,4061346,33.94727272727273,51.18
2020-03-01,2020,3,2020,Gas_natural_GNL,30,38.9,998773,7691151,33.94727272727273,51.18
2020-03-01,2020,3,2020,Gas_licuado_GLP,48,40.9,3126710,17043541,33.94727272727273,51.18
2020-03-01,2020,3,2020,Vehiculos_RoRo,58,41.0,2691930,13724219,33.94727272727273,51.18
2020-03-01,2020,3,2020,Carga_refrigerada,78,45.3,3413588,19668659,33.94727272727273,51.18
2020-03-01,2020,3,2020,Tanqueros,129,38.1,5466841,41294230,33.94727272727273,51.18
2020-03-01,2020,3,2020,Quimiqueros,189,38.7,9889844,42892471,33.94727272727273,51.18
2020-03-01,2020,3,2020,Graneles_secos,175,39.8,6694477,40468308,33.94727272727273,51.18
2020-03-01,2020,3,2020,Portacontenedores,264,45.6,12071315,80719993,33.94727272727273,51.18
2020-04-01,2020,4,2020,Pasajeros,15,48.4,863802,4431507,26.84863636363636,38.83
2020-04-01,2020,4,2020,Gas_natural_GNL,32,40.0,1255281,9365112,26.84863636363636,38.83
2020-04-01,2020,4,2020,Gas_licuado_GLP,49,44.1,2265928,14409442,26.84863636363636,38.83
2020-04-01,2020,4,2020,Vehiculos_RoRo,57,38.9,2670869,14693853,26.84863636363636,38.83
2020-04-01,2020,4,2020,Otros,40,35.6,2181165,11620398,26.84863636363636,38.83
2020-04-01,2020,4,2020,Tanqueros,141,36.1,6068326,43864183,26.84863636363636,38.83
2020-04-01,2020,4,2020,Quimiqueros,232,35.3,9756529,68129635,26.84863636363636,38.83
2020-04-01,2020,4,2020,Graneles_secos,223,34.9,8078334,78825268,26.84863636363636,38.83
2020-04-01,2020,4,2020,Portacontenedores,243,39.6,7517976,53780320,26.84863636363636,38.83
2020-04-01,2020,4,2020,Carga_refrigerada,76,38.5,3338635,17100316,26.84863636363636,38.83
2020-05-01,2020,5,2020,Pasajeros,17,41.8,877606,4558331,32.42238095238095,31.07
2020-05-01,2020,5,2020,Gas_natural_GNL,32,46.9,1741417,9522030,32.42238095238095,31.07
2020-05-01,2020,5,2020,Gas_licuado_GLP,46,35.8,1946920,15272082,32.42238095238095,31.07
2020-05-01,2020,5,2020,Vehiculos_RoRo,63,33.9,3270369,16812116,32.42238095238095,31.07
2020-05-01,2020,5,2020,Otros,41,37.2,2169583,9547582,32.42238095238095,31.07
2020-05-01,2020,5,2020,Tanqueros,135,29.7,5819201,38753167,32.42238095238095,31.07
2020-05-01,2020,5,2020,Quimiqueros,189,39.6,8124010,54073372,32.42238095238095,31.07
2020-05-01,2020,5,2020,Graneles_secos,179,38.1,8432643,50495662,32.42238095238095,31.07
2020-05-01,2020,5,2020,Portacontenedores,256,33.0,13419394,76333264,32.42238095238095,31.07
2020-05-01,2020,5,2020,Carga_refrigerada,74,38.5,2290020,21690866,32.42238095238095,31.07
2020-06-01,2020,6,2020,Otros,40,41.1,1523729,10963954,40.86045454545455,33.38
2020-06-01,2020,6,2020,Pasajeros,14,43.3,749668,4050411,40.86045454545455,33.38
2020-06-01,2020,6,2020,Gas_natural_GNL,27,45.9,1294565,8474310,40.86045454545455,33.38
2020-06-01,2020,6,2020,Gas_licuado_GLP,49,31.7,1973287,14878176,40.86045454545455,33.38
2020-06-01,2020,6,2020,Vehiculos_RoRo,47,41.2,2142084,13938113,40.86045454545455,33.38
2020-06-01,2020,6,2020,Carga_refrigerada,67,41.2,3634247,20391480,40.86045454545455,33.38
2020-06-01,2020,6,2020,Quimiqueros,171,37.9,9762360,52240731,40.86045454545455,33.38
2020-06-01,2020,6,2020,Graneles_secos,205,42.9,6646853,56850983,40.86045454545455,33.38
2020-06-01,2020,6,2020,Portacontenedores,251,39.2,13646864,77818724,40.86045454545455,33.38
2020-06-01,2020,6,2020,Tanqueros,114,35.9,5159897,26372485,40.86045454545455,33.38
2020-07-01,2020,7,2020,Gas_licuado_GLP,39,36.8,1892166,11737733,43.29565217391304,38.86
2020-07-01,2020,7,2020,Otros,40,40.9,1969620,10072522,43.29565217391304,38.86
2020-07-01,2020,7,2020,Pasajeros,13,41.8,658003,3711885,43.29565217391304,38.86
2020-07-01,2020,7,2020,Gas_natural_GNL,29,34.3,769056,8183050,43.29565217391304,38.86
2020-07-01,2020,7,2020,Vehiculos_RoRo,53,45.2,1705641,12186507,43.29565217391304,38.86
2020-07-01,2020,7,2020,Graneles_secos,176,45.9,6873027,43491359,43.29565217391304,38.86
2020-07-01,2020,7,2020,Tanqueros,121,43.4,5981384,45145841,43.29565217391304,38.86
2020-07-01,2020,7,2020,Quimiqueros,179,43.4,8071362,59635357,43.29565217391304,38.86
2020-07-01,2020,7,2020,Carga_refrigerada,66,32.0,3817046,17271673,43.29565217391304,38.86
2020-07-01,2020,7,2020,Portacontenedores,228,41.5,12083679,54186150,43.29565217391304,38.86
2020-08-01,2020,8,2020,Otros,36,35.7,1431566,10696162,45.08142857142857,43.08
2020-08-01,2020,8,2020,Pasajeros,13,32.7,681542,3325399,45.08142857142857,43.08
2020-08-01,2020,8,2020,Gas_natural_GNL,25,41.6,916891,7474697,45.08142857142857,43.08
2020-08-01,2020,8,2020,Gas_licuado_GLP,39,38.6,2005718,13604400,45.08142857142857,43.08
2020-08-01,2020,8,2020,Vehiculos_RoRo,51,36.7,2052484,11259705,45.08142857142857,43.08
2020-08-01,2020,8,2020,Tanqueros,107,43.0,4571139,30806541,45.08142857142857,43.08
2020-08-01,2020,8,2020,Quimiqueros,151,34.8,5004520,28184958,45.08142857142857,43.08
2020-08-01,2020,8,2020,Graneles_secos,177,38.9,7798560,55432994,45.08142857142857,43.08
2020-08-01,2020,8,2020,Portacontenedores,220,40.8,11344130,58135077,45.08142857142857,43.08
2020-08-01,2020,8,2020,Carga_refrigerada,69,45.3,3066835,23055897,45.08142857142857,43.08
2020-09-01,2020,9,2020,Gas_licuado_GLP,38,38.2,1620869,13584591,41.92681818181818,43.43
2020-09-01,2020,9,2020,Otros,39,35.4,1756977,14972371,41.92681818181818,43.43
2020-09-01,2020,9,2020,Pasajeros,13,40.7,649393,3463585,41.92681818181818,43.43
2020-09-01,2020,9,2020,Gas_natural_GNL,29,36.2,1385668,7647789,41.92681818181818,43.43
2020-09-01,2020,9,2020,Vehiculos_RoRo,51,36.7,1646456,10051113,41.92681818181818,43.43
2020-09-01,2020,9,2020,Carga_refrigerada,68,36.6,3241190,18969653,41.92681818181818,43.43
2020-09-01,2020,9,2020,Tanqueros,123,48.3,5603271,35228137,41.92681818181818,43.43
2020-09-01,2020,9,2020,Quimiqueros,181,41.5,7955112,53205137,41.92681818181818,43.43
2020-09-01,2020,9,2020,Graneles_secos,166,34.1,8887271,44278918,41.92681818181818,43.43
2020-09-01,2020,9,2020,Portacontenedores,218,41.3,10441191,72556169,41.92681818181818,43.43
2020-10-01,2020,10,2021,Otros,38,37.2,1982935,13115984,41.60681818181818,42.87
2020-10-01,2020,10,2021,Pasajeros,14,39.7,718570,4113001,41.60681818181818,42.87
2020-10-01,2020,10,2021,Gas_natural_GNL,26,41.9,845320,6970783,41.60681818181818,42.87
2020-10-01,2020,10,2021,Gas_licuado_GLP,34,37.8,2188352,10111442,41.60681818181818,42.87
2020-10-01,2020,10,2021,Vehiculos_RoRo,55,43.6,2158428,12094492,41.60681818181818,42.87
2020-10-01,2020,10,2021,Carga_refrigerada,57,38.7,1657189,12551261,41.60681818181818,42.87
2020-10-01,2020,10,2021,Tanqueros,109,41.8,4635837,34598985,41.60681818181818,42.87
2020-10-01,2020,10,2021,Quimiqueros,163,42.7,8750214,48029784,41.60681818181818,42.87
2020-10-01,2020,10,2021,Graneles_secos,171,39.3,6628668,50823261,41.60681818181818,42.87
2020-10-01,2020,10,2021,Portacontenedores,226,45.7,10335468,68530224,41.60681818181818,42.87
2020-11-01,2020,11,2021,Pasajeros,14,48.1,620245,3748033,44.05,42.53
2020-11-01,2020,11,2021,Gas_natural_GNL,30,42.7,1442409,9067840,44.05,42.53
2020-11-01,2020,11,2021,Gas_licuado_GLP,42,39.4,1958338,10065659,44.05,42.53
2020-11-01,2020,11,2021,Vehiculos_RoRo,47,36.7,2208122,12823053,44.05,42.53
2020-11-01,2020,11,2021,Otros,36,35.9,1261592,8800131,44.05,42.53
2020-11-01,2020,11,2021,Tanqueros,112,41.8,3637079,34215869,44.05,42.53
2020-11-01,2020,11,2021,Quimiqueros,180,46.3,7579050,43623920,44.05,42.53
2020-11-01,2020,11,2021,Graneles_secos,192,38.2,10874950,54769811,44.05,42.53
2020-11-01,2020,11,2021,Portacontenedores,216,36.4,12028235,58826787,44.05,42.53
2020-11-01,2020,11,2021,Carga_refrigerada,65,44.6,1679984,16154928,44.05,42.53
2020-12-01,2020,12,2021,Otros,38,43.3,1783464,7942057,50.37695652173913,45.34
2020-12-01,2020,12,2021,Pasajeros,16,33.4,556023,4208891,50.37695652173913,45.34
2020-12-01,2020,12,2021,Gas_natural_GNL,30,46.4,1056630,8698843,50.37695652173913,45.34
2020-12-01,2020,12,2021,Gas_licuado_GLP,46,48.0,1637005,11339067,50.37695652173913,45.34
2020-12-01,2020,12,2021,Vehiculos_RoRo,47,35.4,2004539,11144389,50.37695652173913,45.34
2020-12-01,2020,12,2021,Carga_refrigerada,75,45.0,3223489,22090363,50.37695652173913,45.34
2020-12-01,2020,12,2021,Tanqueros,121,36.4,5628768,26838659,50.37695652173913,45.34
2020-12-01,2020,12,2021,Quimiqueros,191,40.8,6382261,52960630,50.37695652173913,45.34
2020-12-01,2020,12,2021,Graneles_secos,194,43.0,8482225,49253370,50.37695652173913,45.34
2020-12-01,2020,12,2021,Portacontenedores,238,41.3,10807374,59352104,50.37695652173913,45.34
2021-01-01,2021,1,2021,Pasajeros,15,32.3,637741,4028266,55.2247619047619,49.88
2021-01-01,2021,1,2021,Gas_natural_GNL,29,30.3,1678737,11077220,55.2247619047619,49.88
2021-01-01,2021,1,2021,Gas_licuado_GLP,48,37.9,2001930,16056273,55.2247619047619,49.88
2021-01-01,2021,1,2021,Vehiculos_RoRo,55,40.1,2593321,14036734,55.2247619047619,49.88
2021-01-01,2021,1,2021,Otros,41,35.5,2035096,12340192,55.2247619047619,49.88
2021-01-01,2021,1,2021,Tanqueros,114,41.8,4394381,26071185,55.2247619047619,49.88
2021-01-01,2021,1,2021,Quimiqueros,172,42.2,6316792,49778699,55.2247619047619,49.88
2021-01-01,2021,1,2021,Graneles_secos,185,42.2,9454131,55115935,55.2247619047619,49.88
2021-01-01,2021,1,2021,Portacontenedores,257,37.7,14185263,65508400,55.2247619047619,49.88
2021-01-01,2021,1,2021,Carga_refrigerada,75,41.0,3006613,25353536,55.2247619047619,49.88
2021-02-01,2021,2,2021,Pasajeros,15,34.7,775296,4409610,62.3625,55.99
2021-02-01,2021,2,2021,Gas_natural_GNL,31,29.7,1589641,9017738,62.3625,55.99
2021-02-01,2021,2,2021,Gas_licuado_GLP,47,33.2,1507512,14066285,62.3625,55.99
2021-02-01,2021,2,2021,Vehiculos_RoRo,52,39.9,1964591,13847930,62.3625,55.99
2021-02-01,2021,2,2021,Otros,48,41.7,2308878,13119498,62.3625,55.99
2021-02-01,2021,2,2021,Tanqueros,141,35.6,7007428,41281417,62.3625,55.99
2021-02-01,2021,2,2021,Quimiqueros,199,38.4,11896737,54333585,62.3625,55.99
2021-02-01,2021,2,2021,Graneles_secos,193,39.4,9634956,40679215,62.3625,55.99
2021-02-01,2021,2,2021,Portacontenedores,233,42.8,14311204,66842670,62.3625,55.99
2021-02-01,2021,2,2021,Carga_refrigerada,70,40.7,3829010,18693383,62.3625,55.99
2021-03-01,2021,3,2021,Otros,39,42.7,1645502,9325242,65.79608695652173,61.13
2021-03-01,2021,3,2021,Pasajeros,15,40.0,649717,3470465,65.79608695652173,61.13
2021-03-01,2021,3,2021,Gas_natural_GNL,31,42.6,1391615,9550062,65.79608695652173,61.13
2021-03-01,2021,3,2021,Gas_licuado_GLP,51,36.1,1923485,15419439,65.79608695652173,61.13
2021-03-01,2021,3,2021,Vehiculos_RoRo,63,39.0,2315469,17496474,65.79608695652173,61.13
2021-03-01,2021,3,2021,Carga_refrigerada,65,36.1,2449118,17677127,65.79608695652173,61.13
2021-03-01,2021,3,2021,Quimiqueros,194,38.3,9217447,52412890,65.79608695652173,61.13
2021-03-01,2021,3,2021,Graneles_secos,194,38.1,9957324,65947385,65.79608695652173,61.13
2021-03-01,2021,3,2021,Portacontenedores,271,42.5,14908739,70228859,65.79608695652173,61.13
2021-03-01,2021,3,2021,Tanqueros,137,31.0,5258931,34072358,65.79608695652173,61.13
2021-04-01,2021,4,2021,Gas_licuado_GLP,48,43.7,2850276,14431291,65.53181818181818,64.56
2021-04-01,2021,4,2021,Otros,40,43.4,2004680,11908072,65.53181818181818,64.56
2021-04-01,2021,4,2021,Pasajeros,15,48.2,889220,4881629,65.53181818181818,64.56
2021-04-01,2021,4,2021,Vehiculos_RoRo,62,44.8,2283770,12747608,65.53181818181818,64.56
2021-04-01,2021,4,2021,Gas_natural_GNL,31,36.4,1397839,8308911,65.53181818181818,64.56
2021-04-01,2021,4,2021,Tanqueros,132,39.2,6233719,37794868,65.53181818181818,64.56
2021-04-01,2021,4,2021,Quimiqueros,184,35.5,8939181,51948899,65.53181818181818,64.56
2021-04-01,2021,4,2021,Carga_refrigerada,78,43.2,2499199,14828522,65.53181818181818,64.56
2021-04-01,2021,4,2021,Graneles_secos,186,45.8,8790489,57788840,65.53181818181818,64.56
2021-04-01,2021,4,2021,Portacontenedores,255,44.5,6822294,56134285,65.53181818181818,64.56
2021-05-01,2021,5,2021,Otros,44,44.2,2341094,12388487,68.3752380952381,66.57
2021-05-01,2021,5,2021,Pasajeros,16,41.6,491301,4401481,68.3752380952381,66.57
2021-05-01,2021,5,2021,Gas_natural_GNL,29,39.4,1131905,6669633,68.3752380952381,66.57
2021-05-01,2021,5,2021,Gas_licuado_GLP,46,41.0,2086270,12506638,68.3752380952381,66.57
2021-05-01,2021,5,2021,Vehiculos_RoRo,57,39.7,3384687,17998806,68.3752380952381,66.57
2021-05-01,2021,5,2021,Carga_refrigerada,68,41.6,3092849,15496786,68.3752380952381,66.57
2021-05-01,2021,5,2021,Tanqueros,126,45.4,5682149,36302098,68.3752380952381,66.57
2021-05-01,2021,5,2021,Quimiqueros,177,46.7,10413257,59183281,68.3752380952381,66.57
2021-05-01,2021,5,2021,Graneles_secos,196,32.9,8951117,50519455,68.3752380952381,66.57
2021-05-01,2021,5,2021,Portacontenedores,268,42.5,13646590,81867635,68.3752380952381,66.57
2021-06-01,2021,6,2021,Otros,39,45.7,2328264,10395934,73.51272727272728,69.14
2021-06-01,2021,6,2021,Pasajeros,13,38.5,506699,3174940,73.51272727272728,69.14
2021-06-01,2021,6,2021,Gas_natural_GNL,32,29.3,1541359,10958640,73.51272727272728,69.14
2021-06-01,2021,6,2021,Gas_licuado_GLP,39,40.1,1764646,10736527,73.51272727272728,69.14
2021-06-01,2021,6,2021,Vehiculos_RoRo,53,45.8,1892278,10352692,73.51272727272728,69.14
2021-06-01,2021,6,2021,Carga_refrigerada,68,41.0,3208622,15940753,73.51272727272728,69.14
2021-06-01,2021,6,2021,Tanqueros,121,38.0,4837032,35387431,73.51272727272728,69.14
2021-06-01,2021,6,2021,Quimiqueros,181,40.9,7852383,46496046,73.51272727272728,69.14
2021-06-01,2021,6,2021,Graneles_secos,199,44.4,8744491,45816121,73.51272727272728,69.14
2021-06-01,2021,6,2021,Portacontenedores,227,35.7,10840802,67003862,73.51272727272728,69.14
2021-07-01,2021,7,2021,Otros,38,39.1,1678560,10597466,74.40318181818182,72.1
2021-07-01,2021,7,2021,Pasajeros,15,40.3,447966,3024845,74.40318181818182,72.1
2021-07-01,2021,7,2021,Gas_natural_GNL,27,39.8,1275234,6471475,74.40318181818182,72.1
2021-07-01,2021,7,2021,Gas_licuado_GLP,41,43.3,1404766,10812612,74.40318181818182,72.1
2021-07-01,2021,7,2021,Vehiculos_RoRo,49,34.2,2182102,13884602,74.40318181818182,72.1
2021-07-01,2021,7,2021,Carga_refrigerada,68,41.7,2006289,20853077,74.40318181818182,72.1
2021-07-01,2021,7,2021,Tanqueros,121,40.1,5714661,33947688,74.40318181818182,72.1
2021-07-01,2021,7,2021,Quimiqueros,170,43.9,7157907,44269698,74.40318181818182,72.1
2021-07-01,2021,7,2021,Graneles_secos,178,41.5,12536687,55901153,74.40318181818182,72.1
2021-07-01,2021,7,2021,Portacontenedores,256,40.1,15111559,70724621,74.40318181818182,72.1
2021-08-01,2021,8,2021,Pasajeros,14,37.5,740589,4568204,70.58818181818182,72.83
2021-08-01,2021,8,2021,Gas_natural_GNL,28,35.7,1091606,8284677,70.58818181818182,72.83
2021-08-01,2021,8,2021,Gas_licuado_GLP,40,48.2,1727861,9156773,70.58818181818182,72.83
2021-08-01,2021,8,2021,Vehiculos_RoRo,52,40.4,2278663,17863614,70.58818181818182,72.83
2021-08-01,2021,8,2021,Otros,40,42.1,2236297,8190722,70.58818181818182,72.83
2021-08-01,2021,8,2021,Tanqueros,108,40.2,4590651,34773147,70.58818181818182,72.83
2021-08-01,2021,8,2021,Quimiqueros,146,33.2,5597013,37622863,70.58818181818182,72.83
2021-08-01,2021,8,2021,Graneles_secos,160,41.2,8793532,42039427,70.58818181818182,72.83
2021-08-01,2021,8,2021,Portacontenedores,226,43.8,8161122,52685376,70.58818181818182,72.83
2021-08-01,2021,8,2021,Carga_refrigerada,62,36.6,3027522,13551607,70.58818181818182,72.83
2021-09-01,2021,9,2021,Otros,35,49.0,1574462,10371250,74.74954545454545,73.25
2021-09-01,2021,9,2021,Pasajeros,14,35.4,550244,4687502,74.74954545454545,73.25
2021-09-01,2021,9,2021,Gas_natural_GNL,28,25.4,873944,8345980,74.74954545454545,73.25
2021-09-01,2021,9,2021,Gas_licuado_GLP,42,38.6,2002842,6836601,74.74954545454545,73.25
2021-09-01,2021,9,2021,Vehiculos_RoRo,51,43.5,2495232,16728624,74.74954545454545,73.25
2021-09-01,2021,9,2021,Carga_refrigerada,59,39.6,3098816,18563685,74.74954545454545,73.25
2021-09-01,2021,9,2021,Tanqueros,118,46.6,5602281,35822661,74.74954545454545,73.25
2021-09-01,2021,9,2021,Quimiqueros,167,40.3,7523038,49754804,74.74954545454545,73.25
2021-09-01,2021,9,2021,Graneles_secos,168,47.5,7331896,49820684,74.74954545454545,73.25
2021-09-01,2021,9,2021,Portacontenedores,216,36.5,9926022,55542678,74.74954545454545,73.25
2021-10-01,2021,10,2022,Pasajeros,15,45.3,661831,4411632,83.8652380952381,76.4
2021-10-01,2021,10,2022,Gas_natural_GNL,27,38.1,1403040,9157616,83.8652380952381,76.4
2021-10-01,2021,10,2022,Gas_licuado_GLP,42,42.5,1418165,12316147,83.8652380952381,76.4
2021-10-01,2021,10,2022,Vehiculos_RoRo,52,33.9,2435464,16090012,83.8652380952381,76.4
2021-10-01,2021,10,2022,Otros,38,40.5,1749752,11892104,83.8652380952381,76.4
2021-10-01,2021,10,2022,Tanqueros,113,42.5,4181260,26932023,83.8652380952381,76.4
2021-10-01,2021,10,2022,Quimiqueros,181,40.1,7735511,49911242,83.8652380952381,76.4
2021-10-01,2021,10,2022,Graneles_secos,171,34.5,7345021,42803406,83.8652380952381,76.4
2021-10-01,2021,10,2022,Portacontenedores,245,40.5,9060405,67524670,83.8652380952381,76.4
2021-10-01,2021,10,2022,Carga_refrigerada,69,38.4,2322903,20544923,83.8652380952381,76.4
2021-11-01,2021,11,2022,Pasajeros,13,41.9,530096,3639275,80.89045454545455,79.84
2021-11-01,2021,11,2022,Gas_natural_GNL,28,44.2,1526030,8067108,80.89045454545455,79.84
2021-11-01,2021,11,2022,Gas_licuado_GLP,37,38.5,1019657,10413368,80.89045454545455,79.84
2021-11-01,2021,11,2022,Vehiculos_RoRo,53,41.3,2558767,16146205,80.89045454545455,79.84
2021-11-01,2021,11,2022,Otros,40,37.8,2057817,12283842,80.89045454545455,79.84
2021-11-01,2021,11,2022,Tanqueros,111,33.4,4067001,26546559,80.89045454545455,79.84
2021-11-01,2021,11,2022,Quimiqueros,185,41.5,6497476,62473055,80.89045454545455,79.84
2021-11-01,2021,11,2022,Graneles_secos,177,41.4,8913832,46906122,80.89045454545455,79.84
2021-11-01,2021,11,2022,Portacontenedores,229,37.1,9545685,69926619,80.89045454545455,79.84
2021-11-01,2021,11,2022,Carga_refrigerada,67,38.9,2834458,20420801,80.89045454545455,79.84
2021-12-01,2021,12,2022,Otros,43,51.2,1733214,14508716,74.67826086956522,79.81
2021-12-01,2021,12,2022,Pasajeros,14,33.6,527757,4047000,74.67826086956522,79.81
2021-12-01,2021,12,2022,Gas_natural_GNL,32,39.7,1389597,7533290,74.67826086956522,79.81
2021-12-01,2021,12,2022,Gas_licuado_GLP,43,39.8,1566244,12822640,74.67826086956522,79.81
2021-12-01,2021,12,2022,Vehiculos_RoRo,54,45.8,2232804,17565626,74.67826086956522,79.81
2021-12-01,2021,12,2022,Carga_refrigerada,70,41.6,3216274,20845235,74.67826086956522,79.81
2021-12-01,2021,12,2022,Quimiqueros,174,41.8,6101476,47299682,74.67826086956522,79.81
2021-12-01,2021,12,2022,Graneles_secos,176,36.6,7162971,53099865,74.67826086956522,79.81
2021-12-01,2021,12,2022,Portacontenedores,226,43.9,11433007,64201410,74.67826086956522,79.81
2021-12-01,2021,12,2022,Tanqueros,120,49.8,4077776,40665669,74.67826086956522,79.81
2022-01-01,2022,1,2022,Gas_licuado_GLP,43,42.8,1468599,10673288,85.62238095238095,80.4
2022-01-01,2022,1,2022,Pasajeros,14,39.0,641427,3964233,85.62238095238095,80.4
2022-01-01,2022,1,2022,Gas_natural_GNL,33,43.4,1877673,8881389,85.62238095238095,80.4
2022-01-01,2022,1,2022,Vehiculos_RoRo,61,42.5,3036993,18347971,85.62238095238095,80.4
2022-01-01,2022,1,2022,Otros,44,38.6,2103916,10580016,85.62238095238095,80.4
2022-01-01,2022,1,2022,Tanqueros,130,40.7,5167702,42776723,85.62238095238095,80.4
2022-01-01,2022,1,2022,Portacontenedores,253,39.4,12260571,71466594,85.62238095238095,80.4
2022-01-01,2022,1,2022,Carga_refrigerada,79,42.0,4170355,26044593,85.62238095238095,80.4
2022-01-01,2022,1,2022,Quimiqueros,199,38.9,8006026,55787704,85.62238095238095,80.4
2022-01-01,2022,1,2022,Graneles_secos,193,38.4,6526318,42123213,85.62238095238095,80.4
2022-02-01,2022,2,2022,Portacontenedores,263,40.0,10257392,71159075,94.267,84.86
2022-02-01,2022,2,2022,Graneles_secos,195,38.9,11538292,53832121,94.267,84.86
2022-02-01,2022,2,2022,Quimiqueros,194,31.6,7342190,52278550,94.267,84.86
2022-02-01,2022,2,2022,Tanqueros,123,45.5,5372701,40779145,94.267,84.86
2022-02-01,2022,2,2022,Carga_refrigerada,75,40.1,3321722,21011388,94.267,84.86
2022-02-01,2022,2,2022,Vehiculos_RoRo,64,30.7,1855208,16529482,94.267,84.86
2022-02-01,2022,2,2022,Gas_licuado_GLP,48,42.8,2341665,12702247,94.267,84.86
2022-02-01,2022,2,2022,Gas_natural_GNL,34,44.1,1580063,10829214,94.267,84.86
2022-02-01,2022,2,2022,Pasajeros,16,37.8,809320,4550792,94.267,84.86
2022-02-01,2022,2,2022,Otros,42,45.9,1066506,9378290,94.267,84.86
2022-03-01,2022,3,2022,Pasajeros,15,43.0,907055,5376290,112.44,97.44
2022-03-01,2022,3,2022,Gas_natural_GNL,33,39.4,1889389,10569914,112.44,97.44
2022-03-01,2022,3,2022,Gas_licuado_GLP,48,34.5,2038580,14141498,112.44,97.44
2022-03-01,2022,3,2022,Vehiculos_RoRo,54,43.4,2084308,16486973,112.44,97.44
2022-03-01,2022,3,2022,Otros,40,36.3,2275174,9506750,112.44,97.44
2022-03-01,2022,3,2022,Tanqueros,128,36.0,5673113,27646946,112.44,97.44
2022-03-01,2022,3,2022,Quimiqueros,194,38.5,6946435,39512907,112.44,97.44
2022-03-01,2022,3,2022,Graneles_secos,187,36.6,12091306,65837029,112.44,97.44
2022-03-01,2022,3,2022,Portacontenedores,240,38.5,10311152,52729673,112.44,97.44
2022-03-01,2022,3,2022,Carga_refrigerada,72,40.6,3450936,21362319,112.44,97.44
2022-04-01,2022,4,2022,Pasajeros,14,40.3,666625,3476185,106.1557142857143,104.29
2022-04-01,2022,4,2022,Gas_natural_GNL,33,42.3,1339918,7757945,106.1557142857143,104.29
2022-04-01,2022,4,2022,Gas_licuado_GLP,45,42.1,2287337,11562034,106.1557142857143,104.29
2022-04-01,2022,4,2022,Vehiculos_RoRo,58,45.2,2800695,18055536,106.1557142857143,104.29
2022-04-01,2022,4,2022,Otros,42,42.3,2097712,14367158,106.1557142857143,104.29
2022-04-01,2022,4,2022,Tanqueros,126,37.1,2997077,28334833,106.1557142857143,104.29
2022-04-01,2022,4,2022,Carga_refrigerada,66,31.0,2338850,21977882,106.1557142857143,104.29
2022-04-01,2022,4,2022,Portacontenedores,236,38.1,11413388,65113375,106.1557142857143,104.29
2022-04-01,2022,4,2022,Graneles_secos,190,37.3,7467247,46515726,106.1557142857143,104.29
2022-04-01,2022,4,2022,Quimiqueros,224,41.2,11669072,58337865,106.1557142857143,104.29
2022-05-01,2022,5,2022,Portacontenedores,268,36.0,15669608,69347931,112.1136363636364,110.24
2022-05-01,2022,5,2022,Graneles_secos,204,40.3,8507372,42369193,112.1136363636364,110.24
2022-05-01,2022,5,2022,Quimiqueros,190,33.8,10020294,64727624,112.1136363636364,110.24
2022-05-01,2022,5,2022,Tanqueros,118,41.2,4625230,30073552,112.1136363636364,110.24
2022-05-01,2022,5,2022,Vehiculos_RoRo,60,40.4,3081973,15726821,112.1136363636364,110.24
2022-05-01,2022,5,2022,Gas_licuado_GLP,46,39.5,1762330,14098230,112.1136363636364,110.24
2022-05-01,2022,5,2022,Gas_natural_GNL,32,42.4,1833463,10815161,112.1136363636364,110.24
2022-05-01,2022,5,2022,Pasajeros,15,41.5,600167,4214013,112.1136363636364,110.24
2022-05-01,2022,5,2022,Otros,40,46.5,1916383,10851153,112.1136363636364,110.24
2022-05-01,2022,5,2022,Carga_refrigerada,76,39.8,4477706,19814013,112.1136363636364,110.24
2022-06-01,2022,6,2022,Vehiculos_RoRo,55,31.7,2745278,17058481,117.6927272727273,111.99
2022-06-01,2022,6,2022,Pasajeros,14,41.6,693331,4948286,117.6927272727273,111.99
2022-06-01,2022,6,2022,Gas_natural_GNL,24,38.6,853439,7492387,117.6927272727273,111.99
2022-06-01,2022,6,2022,Gas_licuado_GLP,44,30.1,1629260,14489907,117.6927272727273,111.99
2022-06-01,2022,6,2022,Otros,39,41.5,1291662,12777045,117.6927272727273,111.99
2022-06-01,2022,6,2022,Carga_refrigerada,63,37.4,2251637,15207314,117.6927272727273,111.99
2022-06-01,2022,6,2022,Quimiqueros,207,43.3,9596034,54324633,117.6927272727273,111.99
2022-06-01,2022,6,2022,Graneles_secos,185,41.0,6361933,51628070,117.6927272727273,111.99
2022-06-01,2022,6,2022,Portacontenedores,257,31.3,7424005,80141221,117.6927272727273,111.99
2022-06-01,2022,6,2022,Tanqueros,117,31.5,5506151,36716860,117.6927272727273,111.99
2022-07-01,2022,7,2022,Otros,37,38.0,1543539,9984135,105.2528571428571,111.69
2022-07-01,2022,7,2022,Pasajeros,13,41.4,783947,3882412,105.2528571428571,111.69
2022-07-01,2022,7,2022,Gas_natural_GNL,30,39.6,1289308,9074727,105.2528571428571,111.69
2022-07-01,2022,7,2022,Gas_licuado_GLP,40,49.2,1904589,10028343,105.2528571428571,111.69
2022-07-01,2022,7,2022,Vehiculos_RoRo,50,41.7,2425596,12946569,105.2528571428571,111.69
2022-07-01,2022,7,2022,Tanqueros,121,41.1,5843788,42879954,105.2528571428571,111.69
2022-07-01,2022,7,2022,Quimiqueros,176,43.0,5275791,41713647,105.2528571428571,111.69
2022-07-01,2022,7,2022,Graneles_secos,180,43.9,8521824,38959937,105.2528571428571,111.69
2022-07-01,2022,7,2022,Portacontenedores,219,37.8,9816021,47629133,105.2528571428571,111.69
2022-07-01,2022,7,2022,Carga_refrigerada,69,42.6,4601331,18729899,105.2528571428571,111.69
2022-08-01,2022,8,2022,Gas_licuado_GLP,37,40.4,2034632,8751879,97.64304347826088,106.86
2022-08-01,2022,8,2022,Otros,38,39.3,1884966,8497074,97.64304347826088,106.86
2022-08-01,2022,8,2022,Pasajeros,13,41.8,390393,4608405,97.64304347826088,106.86
2022-08-01,2022,8,2022,Gas_natural_GNL,28,36.3,1109491,9494680,97.64304347826088,106.86
2022-08-01,2022,8,2022,Vehiculos_RoRo,54,28.5,2292866,14764353,97.64304347826088,106.86
2022-08-01,2022,8,2022,Portacontenedores,218,43.7,6787283,68556640,97.64304347826088,106.86
2022-08-01,2022,8,2022,Tanqueros,114,33.6,5107840,33582277,97.64304347826088,106.86
2022-08-01,2022,8,2022,Quimiqueros,185,43.8,6083162,57935495,97.64304347826088,106.86
2022-08-01,2022,8,2022,Graneles_secos,168,41.5,6045328,55968400,97.64304347826088,106.86
2022-08-01,2022,8,2022,Carga_refrigerada,67,40.7,3171100,22709278,97.64304347826088,106.86
2022-09-01,2022,9,2022,Gas_licuado_GLP,41,36.4,2115412,12990687,90.60818181818182,97.83
2022-09-01,2022,9,2022,Otros,35,28.2,1225751,11369176,90.60818181818182,97.83
2022-09-01,2022,9,2022,Pasajeros,13,33.5,609642,3596606,90.60818181818182,97.83
2022-09-01,2022,9,2022,Gas_natural_GNL,28,43.0,1199312,6799532,90.60818181818182,97.83
2022-09-01,2022,9,2022,Vehiculos_RoRo,49,39.2,2358087,16466325,90.60818181818182,97.83
2022-09-01,2022,9,2022,Portacontenedores,236,38.7,10234716,61438770,90.60818181818182,97.83
2022-09-01,2022,9,2022,Tanqueros,100,45.0,5594325,24591364,90.60818181818182,97.83
2022-09-01,2022,9,2022,Quimiqueros,170,42.1,7080365,62762176,90.60818181818182,97.83
2022-09-01,2022,9,2022,Graneles_secos,164,42.8,7715749,50195467,90.60818181818182,97.83
2022-09-01,2022,9,2022,Carga_refrigerada,73,44.0,3852145,20521824,90.60818181818182,97.83
2022-10-01,2022,10,2023,Otros,41,34.2,1716857,14277598,93.71857142857144,93.99
2022-10-01,2022,10,2023,Pasajeros,13,31.0,565160,3555344,93.71857142857144,93.99
2022-10-01,2022,10,2023,Gas_natural_GNL,25,32.9,1146897,8125043,93.71857142857144,93.99
2022-10-01,2022,10,2023,Gas_licuado_GLP,44,40.2,1527189,9925945,93.71857142857144,93.99
2022-10-01,2022,10,2023,Vehiculos_RoRo,54,37.1,2061176,16112964,93.71857142857144,93.99
2022-10-01,2022,10,2023,Tanqueros,110,38.4,6241119,30297476,93.71857142857144,93.99
2022-10-01,2022,10,2023,Quimiqueros,169,37.6,7164863,50766912,93.71857142857144,93.99
2022-10-01,2022,10,2023,Graneles_secos,170,41.2,10813060,57911792,93.71857142857144,93.99
2022-10-01,2022,10,2023,Portacontenedores,214,41.4,7249146,72235318,93.71857142857144,93.99
2022-10-01,2022,10,2023,Carga_refrigerada,74,40.4,4386908,21777665,93.71857142857144,93.99
2022-11-01,2022,11,2023,Gas_licuado_GLP,42,42.0,1181983,11687535,90.93863636363636,91.76
2022-11-01,2022,11,2023,Otros,36,45.2,1529229,7294275,90.93863636363636,91.76
2022-11-01,2022,11,2023,Pasajeros,15,32.0,473120,4326174,90.93863636363636,91.76
2022-11-01,2022,11,2023,Gas_natural_GNL,32,40.5,1457385,9661604,90.93863636363636,91.76
2022-11-01,2022,11,2023,Vehiculos_RoRo,51,37.5,2835659,14953791,90.93863636363636,91.76
2022-11-01,2022,11,2023,Carga_refrigerada,68,35.4,3447315,15826376,90.93863636363636,91.76
2022-11-01,2022,11,2023,Tanqueros,110,35.7,4638819,25942450,90.93863636363636,91.76
2022-11-01,2022,11,2023,Quimiqueros,181,40.7,7252607,50515758,90.93863636363636,91.76
2022-11-01,2022,11,2023,Graneles_secos,185,36.8,9624526,41639777,90.93863636363636,91.76
2022-11-01,2022,11,2023,Portacontenedores,236,42.3,10836335,69194667,90.93863636363636,91.76
2022-12-01,2022,12,2023,Otros,38,43.1,1955972,10418368,81.50318181818182,88.72
2022-12-01,2022,12,2023,Pasajeros,14,38.5,475897,3568112,81.50318181818182,88.72
2022-12-01,2022,12,2023,Gas_natural_GNL,30,41.6,973906,7530788,81.50318181818182,88.72
2022-12-01,2022,12,2023,Gas_licuado_GLP,48,39.1,1476196,11897779,81.50318181818182,88.72
2022-12-01,2022,12,2023,Vehiculos_RoRo,54,43.4,2532364,14893290,81.50318181818182,88.72
2022-12-01,2022,12,2023,Carga_refrigerada,73,33.3,2741725,24867796,81.50318181818182,88.72
2022-12-01,2022,12,2023,Tanqueros,127,35.3,7755895,30686107,81.50318181818182,88.72
2022-12-01,2022,12,2023,Quimiqueros,161,42.5,7960303,47072481,81.50318181818182,88.72
2022-12-01,2022,12,2023,Graneles_secos,180,44.3,9825868,49173203,81.50318181818182,88.72
2022-12-01,2022,12,2023,Portacontenedores,221,29.0,9531066,60214684,81.50318181818182,88.72
2023-01-01,2023,1,2023,Pasajeros,15,37.1,720356,4471523,84.08181818181818,85.51
2023-01-01,2023,1,2023,Gas_natural_GNL,29,38.2,983345,6484435,84.08181818181818,85.51
2023-01-01,2023,1,2023,Gas_licuado_GLP,46,33.5,1207281,14614689,84.08181818181818,85.51
2023-01-01,2023,1,2023,Vehiculos_RoRo,61,39.4,3013498,15364511,84.08181818181818,85.51
2023-01-01,2023,1,2023,Otros,42,41.0,2420130,9966442,84.08181818181818,85.51
2023-01-01,2023,1,2023,Tanqueros,127,39.9,4238143,29147062,84.08181818181818,85.51
2023-01-01,2023,1,2023,Quimiqueros,200,33.7,9040205,54240513,84.08181818181818,85.51
2023-01-01,2023,1,2023,Graneles_secos,181,37.5,6460289,51853311,84.08181818181818,85.51
2023-01-01,2023,1,2023,Portacontenedores,243,40.6,9347577,56892792,84.08181818181818,85.51
2023-01-01,2023,1,2023,Carga_refrigerada,72,44.1,1964628,21155692,84.08181818181818,85.51
2023-02-01,2023,2,2023,Pasajeros,16,39.9,756232,5174089,83.6325,83.07
2023-02-01,2023,2,2023,Gas_natural_GNL,32,44.3,1127711,7896614,83.6325,83.07
2023-02-01,2023,2,2023,Gas_licuado_GLP,48,44.5,1259789,16493668,83.6325,83.07
2023-02-01,2023,2,2023,Vehiculos_RoRo,60,40.2,3065690,19621215,83.6325,83.07
2023-02-01,2023,2,2023,Otros,38,43.9,1712517,10330251,83.6325,83.07
2023-02-01,2023,2,2023,Tanqueros,127,40.3,5026079,38263217,83.6325,83.07
2023-02-01,2023,2,2023,Quimiqueros,195,38.5,9224621,52631481,83.6325,83.07
2023-02-01,2023,2,2023,Graneles_secos,194,45.4,9518538,55835241,83.6325,83.07
2023-02-01,2023,2,2023,Portacontenedores,255,44.5,14054661,56898010,83.6325,83.07
2023-02-01,2023,2,2023,Carga_refrigerada,87,32.9,4140512,21714538,83.6325,83.07
2023-03-01,2023,3,2023,Otros,45,41.5,1763634,12094919,79.25652173913043,82.32
2023-03-01,2023,3,2023,Pasajeros,16,41.8,690890,3446367,79.25652173913043,82.32
2023-03-01,2023,3,2023,Gas_natural_GNL,32,37.2,1417133,6914492,79.25652173913043,82.32
2023-03-01,2023,3,2023,Gas_licuado_GLP,52,37.2,2433170,14564158,79.25652173913043,82.32
2023-03-01,2023,3,2023,Vehiculos_RoRo,67,35.6,2959973,23579411,79.25652173913043,82.32
2023-03-01,2023,3,2023,Carga_refrigerada,77,33.0,3928106,21956154,79.25652173913043,82.32
2023-03-01,2023,3,2023,Quimiqueros,197,37.2,8066594,65190316,79.25652173913043,82.32
2023-03-01,2023,3,2023,Graneles_secos,181,40.2,7972443,59147456,79.25652173913043,82.32
2023-03-01,2023,3,2023,Portacontenedores,236,42.0,6062164,72200839,79.25652173913043,82.32
2023-03-01,2023,3,2023,Tanqueros,133,38.5,5733421,28902617,79.25652173913043,82.32
2023-04-01,2023,4,2023,Gas_natural_GNL,34,39.3,1371978,6424998,83.536,82.14
2023-04-01,2023,4,2023,Otros,41,37.9,2043863,9285052,83.536,82.14
2023-04-01,2023,4,2023,Pasajeros,16,39.5,590376,4561021,83.536,82.14
2023-04-01,2023,4,2023,Gas_licuado_GLP,48,47.6,1985879,13938831,83.536,82.14
2023-04-01,2023,4,2023,Vehiculos_RoRo,54,38.0,2491093,10097197,83.536,82.14
2023-04-01,2023,4,2023,Tanqueros,117,37.9,4095879,34679792,83.536,82.14
2023-04-01,2023,4,2023,Quimiqueros,196,43.5,7981415,42551378,83.536,82.14
2023-04-01,2023,4,2023,Graneles_secos,190,42.6,7731759,55084401,83.536,82.14
2023-04-01,2023,4,2023,Portacontenedores,233,35.9,9482519,76688881,83.536,82.14
2023-04-01,2023,4,2023,Carga_refrigerada,72,49.5,2239076,20746463,83.536,82.14
2023-05-01,2023,5,2023,Carga_refrigerada,66,39.2,2537169,18773965,75.74739130434783,79.51
2023-05-01,2023,5,2023,Portacontenedores,265,34.4,10520073,94583229,75.74739130434783,79.51
2023-05-01,2023,5,2023,Graneles_secos,205,40.4,7682530,53059967,75.74739130434783,79.51
2023-05-01,2023,5,2023,Quimiqueros,193,40.2,8544695,53801972,75.74739130434783,79.51
2023-05-01,2023,5,2023,Tanqueros,123,34.2,5026753,38939950,75.74739130434783,79.51
2023-05-01,2023,5,2023,Vehiculos_RoRo,55,45.9,2697896,12514033,75.74739130434783,79.51
2023-05-01,2023,5,2023,Gas_licuado_GLP,48,36.9,1938433,14042532,75.74739130434783,79.51
2023-05-01,2023,5,2023,Gas_natural_GNL,30,43.6,1164117,7657264,75.74739130434783,79.51
2023-05-01,2023,5,2023,Pasajeros,14,37.7,753109,4272125,75.74739130434783,79.51
2023-05-01,2023,5,2023,Otros,45,49.1,1653941,12726754,75.74739130434783,79.51
2023-06-01,2023,6,2023,Pasajeros,10,38.8,301827,2669720,74.975,78.09
2023-06-01,2023,6,2023,Otros,28,39.4,1133782,7343826,74.975,78.09
2023-06-01,2023,6,2023,Gas_licuado_GLP,33,44.9,1777820,7138542,74.975,78.09
2023-06-01,2023,6,2023,Vehiculos_RoRo,41,40.4,1045868,9867197,74.975,78.09
2023-06-01,2023,6,2023,Gas_natural_GNL,21,44.1,666399,5873360,74.975,78.09
2023-06-01,2023,6,2023,Tanqueros,79,46.8,4262524,23058254,74.975,78.09
2023-06-01,2023,6,2023,Quimiqueros,125,51.2,5173615,35360088,74.975,78.09
2023-06-01,2023,6,2023,Graneles_secos,124,39.4,4373015,38896949,74.975,78.09
2023-06-01,2023,6,2023,Portacontenedores,160,36.9,6393494,38034208,74.975,78.09
2023-06-01,2023,6,2023,Carga_refrigerada,46,40.8,1657313,15570733,74.975,78.09
2023-07-01,2023,7,2023,Otros,28,39.0,1591134,6831224,80.10904761904762,76.94
2023-07-01,2023,7,2023,Pasajeros,9,41.7,446663,2551666,80.10904761904762,76.94
2023-07-01,2023,7,2023,Gas_licuado_GLP,29,42.7,1504642,9928226,80.10904761904762,76.94
2023-07-01,2023,7,2023,Vehiculos_RoRo,33,43.1,1807536,10090817,80.10904761904762,76.94
2023-07-01,2023,7,2023,Gas_natural_GNL,19,39.1,968585,5363631,80.10904761904762,76.94
2023-07-01,2023,7,2023,Tanqueros,84,40.0,3894358,21967253,80.10904761904762,76.94
2023-07-01,2023,7,2023,Quimiqueros,128,43.8,3760316,25733970,80.10904761904762,76.94
2023-07-01,2023,7,2023,Graneles_secos,128,32.3,6248483,35837116,80.10904761904762,76.94
2023-07-01,2023,7,2023,Portacontenedores,165,41.8,7023156,43496317,80.10904761904762,76.94
2023-07-01,2023,7,2023,Carga_refrigerada,50,43.7,2443592,13478343,80.10904761904762,76.94
2023-08-01,2023,8,2023,Otros,27,47.2,1522871,5803828,85.16826086956522,80.08
2023-08-01,2023,8,2023,Portacontenedores,155,40.0,8064902,34116286,85.16826086956522,80.08
2023-08-01,2023,8,2023,Graneles_secos,114,31.8,5159818,26820525,85.16826086956522,80.08
2023-08-01,2023,8,2023,Quimiqueros,121,42.6,4823986,34999404,85.16826086956522,80.08
2023-08-01,2023,8,2023,Tanqueros,78,42.7,3806479,19681166,85.16826086956522,80.08
2023-08-01,2023,8,2023,Carga_refrigerada,46,44.2,2214762,10309589,85.16826086956522,80.08
2023-08-01,2023,8,2023,Vehiculos_RoRo,38,35.7,2139403,12196630,85.16826086956522,80.08
2023-08-01,2023,8,2023,Gas_licuado_GLP,30,40.6,1299832,9214228,85.16826086956522,80.08
2023-08-01,2023,8,2023,Gas_natural_GNL,19,40.9,987534,4893027,85.16826086956522,80.08
2023-08-01,2023,8,2023,Pasajeros,9,35.2,328357,1861777,85.16826086956522,80.08
2023-09-01,2023,9,2023,Gas_natural_GNL,19,41.7,736374,5707463,92.67333333333332,85.98
2023-09-01,2023,9,2023,Gas_licuado_GLP,30,35.4,1357768,8576786,92.67333333333332,85.98
2023-09-01,2023,9,2023,Otros,25,44.1,1061542,5533814,92.67333333333332,85.98
2023-09-01,2023,9,2023,Pasajeros,10,28.3,545224,1580946,92.67333333333332,85.98
2023-09-01,2023,9,2023,Vehiculos_RoRo,35,44.3,1743822,9617963,92.67333333333332,85.98
2023-09-01,2023,9,2023,Portacontenedores,165,45.7,6822010,46869553,92.67333333333332,85.98
2023-09-01,2023,9,2023,Tanqueros,74,31.4,3172283,18998481,92.67333333333332,85.98
2023-09-01,2023,9,2023,Quimiqueros,111,42.2,5904767,27602681,92.67333333333332,85.98
2023-09-01,2023,9,2023,Graneles_secos,107,41.1,3904592,30814437,92.67333333333332,85.98
2023-09-01,2023,9,2023,Carga_refrigerada,42,41.8,1738809,9952763,92.67333333333332,85.98
2023-10-01,2023,10,2024,Otros,28,35.2,1195853,7183622,88.94772727272726,88.93
2023-10-01,2023,10,2024,Pasajeros,8,37.4,373779,1912150,88.94772727272726,88.93
2023-10-01,2023,10,2024,Gas_natural_GNL,19,48.0,863574,5506481,88.94772727272726,88.93
2023-10-01,2023,10,2024,Gas_licuado_GLP,29,32.8,1130498,7065440,88.94772727272726,88.93
2023-10-01,2023,10,2024,Vehiculos_RoRo,34,40.4,1196006,6554701,88.94772727272726,88.93
2023-10-01,2023,10,2024,Tanqueros,76,45.2,2599139,26156856,88.94772727272726,88.93
2023-10-01,2023,10,2024,Quimiqueros,130,42.9,4062072,34301320,88.94772727272726,88.93
2023-10-01,2023,10,2024,Graneles_secos,123,35.2,4961214,29435256,88.94772727272726,88.93
2023-10-01,2023,10,2024,Portacontenedores,150,44.1,4444194,48773946,88.94772727272726,88.93
2023-10-01,2023,10,2024,Carga_refrigerada,46,35.4,1820763,11405021,88.94772727272726,88.93
2023-11-01,2023,11,2024,Gas_licuado_GLP,29,38.8,1351024,7230028,82.18636363636364,87.94
2023-11-01,2023,11,2024,Otros,28,39.6,1141095,10319850,82.18636363636364,87.94
2023-11-01,2023,11,2024,Pasajeros,10,43.9,457029,2956804,82.18636363636364,87.94
2023-11-01,2023,11,2024,Gas_natural_GNL,19,34.6,914390,5734445,82.18636363636364,87.94
2023-11-01,2023,11,2024,Vehiculos_RoRo,38,37.8,1719438,10256864,82.18636363636364,87.94
2023-11-01,2023,11,2024,Portacontenedores,167,37.4,7153086,45182650,82.18636363636364,87.94
2023-11-01,2023,11,2024,Tanqueros,83,46.8,2845003,25795924,82.18636363636364,87.94
2023-11-01,2023,11,2024,Quimiqueros,124,43.2,5346052,33198781,82.18636363636364,87.94
2023-11-01,2023,11,2024,Graneles_secos,122,41.9,5722667,33727563,82.18636363636364,87.94
2023-11-01,2023,11,2024,Carga_refrigerada,42,40.9,2419227,12580963,82.18636363636364,87.94
2023-12-01,2023,12,2024,Gas_licuado_GLP,29,34.1,1436115,5101809,77.54095238095238,82.89
2023-12-01,2023,12,2024,Otros,28,44.0,1037411,8169943,77.54095238095238,82.89
2023-12-01,2023,12,2024,Pasajeros,11,38.4,505009,3404208,77.54095238095238,82.89
2023-12-01,2023,12,2024,Gas_natural_GNL,21,38.1,1164785,5465486,77.54095238095238,82.89
2023-12-01,2023,12,2024,Vehiculos_RoRo,39,36.8,1795538,10811113,77.54095238095238,82.89
2023-12-01,2023,12,2024,Portacontenedores,168,37.3,8143309,48732461,77.54095238095238,82.89
2023-12-01,2023,12,2024,Tanqueros,89,40.0,5137235,25487100,77.54095238095238,82.89
2023-12-01,2023,12,2024,Quimiqueros,142,42.5,4953480,49854398,77.54095238095238,82.89
2023-12-01,2023,12,2024,Graneles_secos,121,44.5,5353819,28503093,77.54095238095238,82.89
2023-12-01,2023,12,2024,Carga_refrigerada,50,37.4,2482740,14953205,77.54095238095238,82.89
2024-01-01,2024,1,2024,Otros,32,40.2,888061,7788640,79.11,79.61
2024-01-01,2024,1,2024,Pasajeros,10,39.0,454519,2285547,79.11,79.61
2024-01-01,2024,1,2024,Gas_natural_GNL,25,39.2,1056569,5593085,79.11,79.61
2024-01-01,2024,1,2024,Gas_licuado_GLP,35,39.3,1845074,9754728,79.11,79.61
2024-01-01,2024,1,2024,Vehiculos_RoRo,40,46.9,1887316,11807500,79.11,79.61
2024-01-01,2024,1,2024,Tanqueros,104,51.4,4984887,31545729,79.11,79.61
2024-01-01,2024,1,2024,Quimiqueros,150,35.5,7670240,34651771,79.11,79.61
2024-01-01,2024,1,2024,Graneles_secos,137,36.0,6888845,41088617,79.11,79.61
2024-01-01,2024,1,2024,Portacontenedores,205,42.6,12367969,51139797,79.11,79.61
2024-01-01,2024,1,2024,Carga_refrigerada,55,32.8,2209803,12995630,79.11,79.61
2024-02-01,2024,2,2024,Gas_licuado_GLP,36,38.0,2023453,8571906,81.7957142857143,79.48
2024-02-01,2024,2,2024,Otros,33,40.4,1541785,10259752,81.7957142857143,79.48
2024-02-01,2024,2,2024,Pasajeros,13,40.8,635895,3505211,81.7957142857143,79.48
2024-02-01,2024,2,2024,Gas_natural_GNL,23,40.8,1106843,6896635,81.7957142857143,79.48
2024-02-01,2024,2,2024,Vehiculos_RoRo,46,33.1,1807314,14300248,81.7957142857143,79.48
2024-02-01,2024,2,2024,Portacontenedores,205,41.5,7332973,58699274,81.7957142857143,79.48
2024-02-01,2024,2,2024,Tanqueros,100,43.3,4575674,31138754,81.7957142857143,79.48
2024-02-01,2024,2,2024,Graneles_secos,163,43.1,7210747,42588794,81.7957142857143,79.48
2024-02-01,2024,2,2024,Carga_refrigerada,61,36.8,1862625,20846122,81.7957142857143,79.48
2024-02-01,2024,2,2024,Quimiqueros,148,41.9,6891003,45166071,81.7957142857143,79.48
2024-03-01,2024,3,2024,Portacontenedores,208,40.2,8013614,58803024,84.96142857142857,81.96
2024-03-01,2024,3,2024,Graneles_secos,155,40.8,9711091,40152608,84.96142857142857,81.96
2024-03-01,2024,3,2024,Quimiqueros,159,44.3,7279658,59388694,84.96142857142857,81.96
2024-03-01,2024,3,2024,Tanqueros,98,41.3,3783736,26062023,84.96142857142857,81.96
2024-03-01,2024,3,2024,Vehiculos_RoRo,46,38.7,3065066,13605397,84.96142857142857,81.96
2024-03-01,2024,3,2024,Gas_licuado_GLP,36,37.2,1348508,11428659,84.96142857142857,81.96
2024-03-01,2024,3,2024,Gas_natural_GNL,24,40.5,1067806,7422232,84.96142857142857,81.96
2024-03-01,2024,3,2024,Pasajeros,11,35.7,514738,3344422,84.96142857142857,81.96
2024-03-01,2024,3,2024,Otros,34,36.8,1714275,8508349,84.96142857142857,81.96
2024-03-01,2024,3,2024,Carga_refrigerada,59,43.4,2805612,19491511,84.96142857142857,81.96
2024-04-01,2024,4,2024,Otros,33,40.1,1428200,8166324,88.97454545454545,85.24
2024-04-01,2024,4,2024,Gas_licuado_GLP,33,40.1,1452843,8621678,88.97454545454545,85.24
2024-04-01,2024,4,2024,Pasajeros,11,40.1,510224,2263222,88.97454545454545,85.24
2024-04-01,2024,4,2024,Gas_natural_GNL,28,42.2,1422646,6797197,88.97454545454545,85.24
2024-04-01,2024,4,2024,Vehiculos_RoRo,51,40.9,1535106,12235153,88.97454545454545,85.24
2024-04-01,2024,4,2024,Tanqueros,98,35.1,4672673,27642657,88.97454545454545,85.24
2024-04-01,2024,4,2024,Quimiqueros,147,37.5,5614436,34823810,88.97454545454545,85.24
2024-04-01,2024,4,2024,Graneles_secos,159,45.0,10732689,33649321,88.97454545454545,85.24
2024-04-01,2024,4,2024,Portacontenedores,193,36.2,10693988,58930014,88.97454545454545,85.24
2024-04-01,2024,4,2024,Carga_refrigerada,60,42.0,2989443,15903818,88.97454545454545,85.24
2024-05-01,2024,5,2024,Otros,32,39.6,1208958,8569634,83.05391304347826,85.66
2024-05-01,2024,5,2024,Pasajeros,11,46.3,413733,2620664,83.05391304347826,85.66
2024-05-01,2024,5,2024,Gas_natural_GNL,27,41.1,1319777,6396233,83.05391304347826,85.66
2024-05-01,2024,5,2024,Gas_licuado_GLP,34,40.9,1571050,10307823,83.05391304347826,85.66
2024-05-01,2024,5,2024,Vehiculos_RoRo,44,36.9,2010269,10922483,83.05391304347826,85.66
2024-05-01,2024,5,2024,Carga_refrigerada,56,39.6,2229130,12352341,83.05391304347826,85.66
2024-05-01,2024,5,2024,Quimiqueros,155,38.3,7955087,49473429,83.05391304347826,85.66
2024-05-01,2024,5,2024,Graneles_secos,159,38.8,6574769,47303490,83.05391304347826,85.66
2024-05-01,2024,5,2024,Portacontenedores,188,39.3,8596563,57188032,83.05391304347826,85.66
2024-05-01,2024,5,2024,Tanqueros,104,47.1,3959141,29177816,83.05391304347826,85.66
2024-06-01,2024,6,2024,Gas_licuado_GLP,46,43.2,2293910,12485734,82.9175,84.98
2024-06-01,2024,6,2024,Otros,36,47.5,1462597,7222833,82.9175,84.98
2024-06-01,2024,6,2024,Pasajeros,15,43.6,690224,2361732,82.9175,84.98
2024-06-01,2024,6,2024,Gas_natural_GNL,26,38.2,1256604,6145934,82.9175,84.98
2024-06-01,2024,6,2024,Vehiculos_RoRo,47,36.9,2166965,12793437,82.9175,84.98
2024-06-01,2024,6,2024,Quimiqueros,184,44.7,6754151,50897933,82.9175,84.98
2024-06-01,2024,6,2024,Tanqueros,124,30.5,6605515,28855045,82.9175,84.98
2024-06-01,2024,6,2024,Carga_refrigerada,71,41.0,3811045,21444625,82.9175,84.98
2024-06-01,2024,6,2024,Graneles_secos,190,37.5,6145106,47540862,82.9175,84.98
2024-06-01,2024,6,2024,Portacontenedores,257,36.8,8699609,81649862,82.9175,84.98
2024-07-01,2024,7,2024,Otros,37,41.6,2326378,9959812,84.0486956521739,83.34
2024-07-01,2024,7,2024,Pasajeros,15,40.2,734534,4419799,84.0486956521739,83.34
2024-07-01,2024,7,2024,Gas_natural_GNL,31,41.0,1599949,9026259,84.0486956521739,83.34
2024-07-01,2024,7,2024,Gas_licuado_GLP,44,38.0,2661254,12343541,84.0486956521739,83.34
2024-07-01,2024,7,2024,Vehiculos_RoRo,51,36.4,1167828,13393213,84.0486956521739,83.34
2024-07-01,2024,7,2024,Tanqueros,123,38.3,6681305,39004492,84.0486956521739,83.34
2024-07-01,2024,7,2024,Quimiqueros,187,33.7,9083205,60898276,84.0486956521739,83.34
2024-07-01,2024,7,2024,Graneles_secos,182,41.5,9205542,67539693,84.0486956521739,83.34
2024-07-01,2024,7,2024,Portacontenedores,247,40.1,13298362,71896351,84.0486956521739,83.34
2024-07-01,2024,7,2024,Carga_refrigerada,77,37.0,3152441,20617153,84.0486956521739,83.34
2024-08-01,2024,8,2024,Gas_licuado_GLP,43,36.1,1874330,10850156,79.01863636363636,81.99
2024-08-01,2024,8,2024,Otros,37,41.3,2022942,12685577,79.01863636363636,81.99
2024-08-01,2024,8,2024,Pasajeros,13,40.8,461740,2503050,79.01863636363636,81.99
2024-08-01,2024,8,2024,Gas_natural_GNL,30,43.0,1506369,9145921,79.01863636363636,81.99
2024-08-01,2024,8,2024,Vehiculos_RoRo,55,39.2,1570905,14985110,79.01863636363636,81.99
2024-08-01,2024,8,2024,Carga_refrigerada,75,43.3,4004699,23531810,79.01863636363636,81.99
2024-08-01,2024,8,2024,Tanqueros,113,39.9,4640647,32022668,79.01863636363636,81.99
2024-08-01,2024,8,2024,Quimiqueros,173,44.0,6536478,37696648,79.01863636363636,81.99
2024-08-01,2024,8,2024,Graneles_secos,147,42.1,4004898,49803230,79.01863636363636,81.99
2024-08-01,2024,8,2024,Portacontenedores,228,45.0,12339821,63946853,79.01863636363636,81.99
2024-09-01,2024,9,2024,Otros,35,39.3,1394621,10624184,73.05761904761906,78.71
2024-09-01,2024,9,2024,Pasajeros,12,41.2,454803,2803277,73.05761904761906,78.71
2024-09-01,2024,9,2024,Gas_natural_GNL,29,39.8,850083,8938924,73.05761904761906,78.71
2024-09-01,2024,9,2024,Gas_licuado_GLP,43,37.5,1381570,13189915,73.05761904761906,78.71
2024-09-01,2024,9,2024,Vehiculos_RoRo,49,43.2,1604116,12706652,73.05761904761906,78.71
2024-09-01,2024,9,2024,Carga_refrigerada,66,37.2,2992509,18251099,73.05761904761906,78.71
2024-09-01,2024,9,2024,Tanqueros,109,46.4,4595703,19884871,73.05761904761906,78.71
2024-09-01,2024,9,2024,Quimiqueros,161,43.2,5827348,43544469,73.05761904761906,78.71
2024-09-01,2024,9,2024,Graneles_secos,196,45.9,10575214,51839742,73.05761904761906,78.71
2024-09-01,2024,9,2024,Portacontenedores,241,36.0,10165833,72110422,73.05761904761906,78.71
2024-10-01,2024,10,2025,Pasajeros,13,40.4,559767,3141833,75.26652173913043,75.78
2024-10-01,2024,10,2025,Gas_natural_GNL,27,47.3,886204,8669787,75.26652173913043,75.78
2024-10-01,2024,10,2025,Gas_licuado_GLP,42,44.5,2597913,10790894,75.26652173913043,75.78
2024-10-01,2024,10,2025,Vehiculos_RoRo,45,38.9,2582960,11815685,75.26652173913043,75.78
2024-10-01,2024,10,2025,Otros,35,41.1,1853751,9618369,75.26652173913043,75.78
2024-10-01,2024,10,2025,Tanqueros,100,34.2,5387975,33427052,75.26652173913043,75.78
2024-10-01,2024,10,2025,Quimiqueros,147,37.9,5555383,50424984,75.26652173913043,75.78
2024-10-01,2024,10,2025,Graneles_secos,163,33.4,7714116,43328089,75.26652173913043,75.78
2024-10-01,2024,10,2025,Portacontenedores,217,43.9,10253116,54705203,75.26652173913043,75.78
2024-10-01,2024,10,2025,Carga_refrigerada,62,37.5,3095652,11588792,75.26652173913043,75.78
2024-11-01,2024,11,2025,Otros,33,40.8,1686207,8870309,73.50857142857143,73.94
2024-11-01,2024,11,2025,Pasajeros,14,42.3,528346,3940429,73.50857142857143,73.94
2024-11-01,2024,11,2025,Gas_natural_GNL,29,40.1,1198041,7617450,73.50857142857143,73.94
2024-11-01,2024,11,2025,Gas_licuado_GLP,41,36.9,1700513,13648907,73.50857142857143,73.94
2024-11-01,2024,11,2025,Vehiculos_RoRo,48,34.7,2100629,11157350,73.50857142857143,73.94
2024-11-01,2024,11,2025,Carga_refrigerada,71,37.6,2148525,14436863,73.50857142857143,73.94
2024-11-01,2024,11,2025,Tanqueros,118,36.7,4922455,33462877,73.50857142857143,73.94
2024-11-01,2024,11,2025,Quimiqueros,185,43.3,7533071,48816596,73.50857142857143,73.94
2024-11-01,2024,11,2025,Graneles_secos,186,50.4,7810356,48671871,73.50857142857143,73.94
2024-11-01,2024,11,2025,Portacontenedores,231,42.3,8599448,71514758,73.50857142857143,73.94
2024-12-01,2024,12,2025,Pasajeros,15,43.2,689848,3848090,73.22772727272726,74.0
2024-12-01,2024,12,2025,Gas_natural_GNL,31,38.8,1245837,10796391,73.22772727272726,74.0
2024-12-01,2024,12,2025,Gas_licuado_GLP,48,43.7,2744332,14128888,73.22772727272726,74.0
2024-12-01,2024,12,2025,Vehiculos_RoRo,56,41.0,2971883,16765175,73.22772727272726,74.0
2024-12-01,2024,12,2025,Otros,40,45.7,1977676,8461642,73.22772727272726,74.0
2024-12-01,2024,12,2025,Tanqueros,125,37.0,6715659,46053204,73.22772727272726,74.0
2024-12-01,2024,12,2025,Quimiqueros,200,40.0,10304505,50385864,73.22772727272726,74.0
2024-12-01,2024,12,2025,Graneles_secos,183,39.5,8391801,57447058,73.22772727272726,74.0
2024-12-01,2024,12,2025,Portacontenedores,266,36.5,12432713,74098824,73.22772727272726,74.0
2024-12-01,2024,12,2025,Carga_refrigerada,69,31.2,2802463,22719975,73.22772727272726,74.0
2025-01-01,2025,1,2025,Pasajeros,17,31.7,817909,4501574,78.19391304347826,74.98
2025-01-01,2025,1,2025,Gas_natural_GNL,32,42.0,1010147,8821461,78.19391304347826,74.98
2025-01-01,2025,1,2025,Gas_licuado_GLP,55,38.1,2337767,19845407,78.19391304347826,74.98
2025-01-01,2025,1,2025,Vehiculos_RoRo,69,41.6,2928061,21493452,78.19391304347826,74.98
2025-01-01,2025,1,2025,Otros,42,43.4,2372162,14263408,78.19391304347826,74.98
2025-01-01,2025,1,2025,Tanqueros,149,40.6,6496438,47952015,78.19391304347826,74.98
2025-01-01,2025,1,2025,Quimiqueros,241,37.8,13058838,72706762,78.19391304347826,74.98
2025-01-01,2025,1,2025,Graneles_secos,252,42.7,11198854,66816109,78.19391304347826,74.98
2025-01-01,2025,1,2025,Portacontenedores,290,47.1,12553991,60314447,78.19391304347826,74.98
2025-01-01,2025,1,2025,Carga_refrigerada,81,33.5,4043157,24725212,78.19391304347826,74.98
2025-02-01,2025,2,2025,Otros,54,41.1,1603247,17362706,75.193,75.54
2025-02-01,2025,2,2025,Pasajeros,19,42.9,610555,4694746,75.193,75.54
2025-02-01,2025,2,2025,Gas_natural_GNL,38,42.5,1456688,13921161,75.193,75.54
2025-02-01,2025,2,2025,Gas_licuado_GLP,58,44.0,2648381,19511575,75.193,75.54
2025-02-01,2025,2,2025,Vehiculos_RoRo,65,43.9,2879780,19083502,75.193,75.54
2025-02-01,2025,2,2025,Carga_refrigerada,83,36.1,4575826,27796176,75.193,75.54
2025-02-01,2025,2,2025,Quimiqueros,208,41.9,13142258,63564268,75.193,75.54
2025-02-01,2025,2,2025,Graneles_secos,249,36.2,11606078,74097580,75.193,75.54
2025-02-01,2025,2,2025,Portacontenedores,309,40.2,17188203,107314261,75.193,75.54
2025-02-01,2025,2,2025,Tanqueros,164,40.7,7283937,48421140,75.193,75.54
2025-03-01,2025,3,2025,Gas_licuado_GLP,55,39.4,3070352,18625646,71.74142857142857,75.04
2025-03-01,2025,3,2025,Pasajeros,19,40.0,1028311,6237643,71.74142857142857,75.04
2025-03-01,2025,3,2025,Otros,49,39.1,2465402,12573030,71.74142857142857,75.04
2025-03-01,2025,3,2025,Vehiculos_RoRo,67,37.3,3839023,19326713,71.74142857142857,75.04
2025-03-01,2025,3,2025,Gas_natural_GNL,36,39.8,1645965,8659814,71.74142857142857,75.04
2025-03-01,2025,3,2025,Tanqueros,147,38.4,4431390,37167601,71.74142857142857,75.04
2025-03-01,2025,3,2025,Quimiqueros,247,34.7,7818963,77298362,71.74142857142857,75.04
2025-03-01,2025,3,2025,Graneles_secos,252,36.4,9338420,68579295,71.74142857142857,75.04
2025-03-01,2025,3,2025,Portacontenedores,295,45.6,13067707,85015538,71.74142857142857,75.04
2025-03-01,2025,3,2025,Carga_refrigerada,89,43.7,3455884,30820258,71.74142857142857,75.04
2025-04-01,2025,4,2025,Otros,55,42.0,1694697,16398790,66.92727272727274,71.29
2025-04-01,2025,4,2025,Pasajeros,18,41.9,775495,5303150,66.92727272727274,71.29
2025-04-01,2025,4,2025,Gas_natural_GNL,37,37.4,1869554,12485247,66.92727272727274,71.29
2025-04-01,2025,4,2025,Gas_licuado_GLP,55,40.5,2299198,14802971,66.92727272727274,71.29
2025-04-01,2025,4,2025,Vehiculos_RoRo,65,37.2,2744360,14485079,66.92727272727274,71.29
2025-04-01,2025,4,2025,Carga_refrigerada,89,36.2,3876882,26521342,66.92727272727274,71.29
2025-04-01,2025,4,2025,Tanqueros,163,36.7,7307998,41819813,66.92727272727274,71.29
2025-04-01,2025,4,2025,Quimiqueros,237,49.6,8660194,48368718,66.92727272727274,71.29
2025-04-01,2025,4,2025,Graneles_secos,253,39.4,14705076,65642001,66.92727272727274,71.29
2025-04-01,2025,4,2025,Portacontenedores,313,39.6,11657625,75660404,66.92727272727274,71.29
2025-05-01,2025,5,2025,Pasajeros,18,35.4,789638,5088639,64.09272727272727,67.59
2025-05-01,2025,5,2025,Gas_natural_GNL,37,39.5,1650014,11405668,64.09272727272727,67.59
2025-05-01,2025,5,2025,Gas_licuado_GLP,55,39.3,2651136,9104659,64.09272727272727,67.59
2025-05-01,2025,5,2025,Vehiculos_RoRo,70,35.6,3617811,22921199,64.09272727272727,67.59
2025-05-01,2025,5,2025,Otros,49,40.6,2612432,11591372,64.09272727272727,67.59
2025-05-01,2025,5,2025,Tanqueros,146,38.5,8204191,46453394,64.09272727272727,67.59
2025-05-01,2025,5,2025,Quimiqueros,244,32.4,8482422,58247365,64.09272727272727,67.59
2025-05-01,2025,5,2025,Graneles_secos,206,40.6,6375326,55704286,64.09272727272727,67.59
2025-05-01,2025,5,2025,Portacontenedores,316,39.1,16736964,79756939,64.09272727272727,67.59
2025-05-01,2025,5,2025,Carga_refrigerada,88,40.6,4236833,21605822,64.09272727272727,67.59
2025-06-01,2025,6,2025,Pasajeros,15,40.5,804481,3481447,69.84666666666666,66.96
2025-06-01,2025,6,2025,Gas_natural_GNL,35,43.0,1684618,9248907,69.84666666666666,66.96
2025-06-01,2025,6,2025,Gas_licuado_GLP,56,44.6,2988631,14627501,69.84666666666666,66.96
2025-06-01,2025,6,2025,Vehiculos_RoRo,61,42.6,2339216,12745662,69.84666666666666,66.96
2025-06-01,2025,6,2025,Otros,49,41.3,2499058,15429071,69.84666666666666,66.96
2025-06-01,2025,6,2025,Tanqueros,156,38.2,6988002,41166634,69.84666666666666,66.96
2025-06-01,2025,6,2025,Quimiqueros,242,34.9,8625635,55157273,69.84666666666666,66.96
2025-06-01,2025,6,2025,Graneles_secos,210,38.5,7929923,57375773,69.84666666666666,66.96
2025-06-01,2025,6,2025,Portacontenedores,286,45.2,8901208,82135158,69.84666666666666,66.96
2025-06-01,2025,6,2025,Carga_refrigerada,77,39.1,4979278,25847578,69.84666666666666,66.96
2025-07-01,2025,7,2025,Otros,46,39.0,2280997,11695847,69.56478260869565,67.83
2025-07-01,2025,7,2025,Pasajeros,16,37.9,860847,4912388,69.56478260869565,67.83
2025-07-01,2025,7,2025,Gas_natural_GNL,32,38.2,1818775,8821073,69.56478260869565,67.83
2025-07-01,2025,7,2025,Gas_licuado_GLP,52,40.4,2344493,14442602,69.56478260869565,67.83
2025-07-01,2025,7,2025,Vehiculos_RoRo,67,37.4,3283581,21616820,69.56478260869565,67.83
2025-07-01,2025,7,2025,Carga_refrigerada,81,38.1,3946641,19404784,69.56478260869565,67.83
2025-07-01,2025,7,2025,Quimiqueros,219,43.1,11550454,66371965,69.56478260869565,67.83
2025-07-01,2025,7,2025,Graneles_secos,202,37.2,6146697,70721392,69.56478260869565,67.83
2025-07-01,2025,7,2025,Portacontenedores,260,33.5,10590279,82046924,69.56478260869565,67.83
2025-07-01,2025,7,2025,Tanqueros,133,39.3,5530071,51256820,69.56478260869565,67.83
2025-08-01,2025,8,2025,Gas_licuado_GLP,49,39.5,2927123,17492012,67.24428571428571,68.89
2025-08-01,2025,8,2025,Pasajeros,17,36.0,832084,4686877,67.24428571428571,68.89
2025-08-01,2025,8,2025,Gas_natural_GNL,29,50.0,1092667,9257581,67.24428571428571,68.89
2025-08-01,2025,8,2025,Otros,45,40.9,2455682,12735719,67.24428571428571,68.89
2025-08-01,2025,8,2025,Vehiculos_RoRo,54,41.2,2722022,12892603,67.24428571428571,68.89
2025-08-01,2025,8,2025,Quimiqueros,206,34.5,8224622,54677109,67.24428571428571,68.89
2025-08-01,2025,8,2025,Tanqueros,128,37.9,5767380,33099491,67.24428571428571,68.89
2025-08-01,2025,8,2025,Graneles_secos,192,40.4,11291339,39048459,67.24428571428571,68.89
2025-08-01,2025,8,2025,Portacontenedores,259,43.9,13466503,62347413,67.24428571428571,68.89
2025-08-01,2025,8,2025,Carga_refrigerada,70,43.1,3571608,21960888,67.24428571428571,68.89
2025-09-01,2025,9,2025,Otros,39,37.9,1495638,11538397,67.60909090909091,68.14
2025-09-01,2025,9,2025,Pasajeros,15,32.4,689037,2854303,67.60909090909091,68.14
2025-09-01,2025,9,2025,Gas_natural_GNL,32,42.3,968051,8092785,67.60909090909091,68.14
2025-09-01,2025,9,2025,Gas_licuado_GLP,45,35.0,2208649,15352764,67.60909090909091,68.14
2025-09-01,2025,9,2025,Vehiculos_RoRo,54,42.5,2091570,21728587,67.60909090909091,68.14
2025-09-01,2025,9,2025,Carga_refrigerada,75,40.5,3171236,18330629,67.60909090909091,68.14
2025-09-01,2025,9,2025,Tanqueros,140,41.0,5379481,48022109,67.60909090909091,68.14
2025-09-01,2025,9,2025,Quimiqueros,210,43.9,9189381,70819719,67.60909090909091,68.14
2025-09-01,2025,9,2025,Graneles_secos,192,35.8,7767978,48992091,67.60909090909091,68.14
2025-09-01,2025,9,2025,Portacontenedores,257,44.4,12758294,79483041,67.60909090909091,68.14
2025-10-01,2025,10,2026,Pasajeros,16,31.1,765742,5724542,63.98130434782609,66.28
2025-10-01,2025,10,2026,Otros,48,47.3,1768412,15191332,63.98130434782609,66.28
2025-10-01,2025,10,2026,Gas_licuado_GLP,48,40.2,2598754,13478471,63.98130434782609,66.28
2025-10-01,2025,10,2026,Vehiculos_RoRo,58,34.4,3083847,14993934,63.98130434782609,66.28
2025-10-01,2025,10,2026,Gas_natural_GNL,30,42.2,1233602,10665508,63.98130434782609,66.28
2025-10-01,2025,10,2026,Tanqueros,131,37.3,5200967,30337510,63.98130434782609,66.28
2025-10-01,2025,10,2026,Quimiqueros,198,38.7,7614987,58779205,63.98130434782609,66.28
2025-10-01,2025,10,2026,Graneles_secos,203,41.2,9965698,57990252,63.98130434782609,66.28
2025-10-01,2025,10,2026,Portacontenedores,268,43.6,13673110,87269513,63.98130434782609,66.28
2025-10-01,2025,10,2026,Carga_refrigerada,81,40.3,3085905,25299694,63.98130434782609,66.28
2025-11-01,2025,11,2026,Otros,46,40.5,2137846,16469736,63.6935,65.09
2025-11-01,2025,11,2026,Pasajeros,16,29.9,447594,3828404,63.6935,65.09
2025-11-01,2025,11,2026,Gas_licuado_GLP,50,40.9,2890018,14844934,63.6935,65.09
2025-11-01,2025,11,2026,Vehiculos_RoRo,68,45.1,3073300,18241943,63.6935,65.09
2025-11-01,2025,11,2026,Gas_natural_GNL,35,44.7,1247490,10856806,63.6935,65.09
2025-11-01,2025,11,2026,Tanqueros,145,44.2,5648945,24710707,63.6935,65.09
2025-11-01,2025,11,2026,Quimiqueros,192,38.8,7493965,60439109,63.6935,65.09
2025-11-01,2025,11,2026,Graneles_secos,201,43.6,10332556,58505630,63.6935,65.09
2025-11-01,2025,11,2026,Portacontenedores,260,40.9,9052258,66097660,63.6935,65.09
2025-11-01,2025,11,2026,Carga_refrigerada,70,45.7,2925297,17497971,63.6935,65.09
2025-12-01,2025,12,2026,Pasajeros,17,49.6,698986,4238805,61.81090909090909,63.16
2025-12-01,2025,12,2026,Portacontenedores,261,39.9,12380661,65393308,61.81090909090909,63.16
2025-12-01,2025,12,2026,Graneles_secos,218,33.6,12268876,55096321,61.81090909090909,63.16
2025-12-01,2025,12,2026,Quimiqueros,244,39.9,12986760,67799763,61.81090909090909,63.16
2025-12-01,2025,12,2026,Tanqueros,141,37.7,6479371,41273512,61.81090909090909,63.16
2025-12-01,2025,12,2026,Carga_refrigerada,78,39.5,3129298,29014951,61.81090909090909,63.16
2025-12-01,2025,12,2026,Vehiculos_RoRo,64,46.2,2779841,18583776,61.81090909090909,63.16
2025-12-01,2025,12,2026,Gas_licuado_GLP,48,38.2,2240845,16485127,61.81090909090909,63.16
2025-12-01,2025,12,2026,Gas_natural_GNL,35,45.5,1754404,12078361,61.81090909090909,63.16
2025-12-01,2025,12,2026,Otros,43,49.3,2216889,11465312,61.81090909090909,63.16
