fecha,anio,mes,anio_fiscal,segmento,transitos,calado_promedio_pies,toneladas_cp_suez,peajes_usd,fase_fiscal,periodo_sequia,periodo_recuperacion,ratio_toneladas_por_transito,peaje_por_tonelada_usd,precio_barril_usd,precio_var_mensual_pct
2019-10-01,2019,10,2020,Carga_refrigerada,66,36.2,3433821,18348195,1,0,0,52027.59090909091,5.343375499188805,60.0,0.0
2019-11-01,2019,11,2020,Carga_refrigerada,66,46.0,2512841,21036254,2,0,0,38073.34848484849,8.371502216017648,60.0,0.0
2019-12-01,2019,12,2020,Carga_refrigerada,64,36.0,3084684,15601973,3,0,0,48198.1875,5.057883724880734,60.0,0.0
2020-01-01,2020,1,2020,Carga_refrigerada,74,43.4,4512064,29345032,4,0,0,60973.83783783784,6.5036825718784135,59.1,-1.5000000000000013
2020-02-01,2020,2,2020,Carga_refrigerada,81,40.6,3568122,23606076,5,0,0,44050.88888888889,6.615826476785267,58.57,-0.8967851099830781
2020-03-01,2020,3,2020,Carga_refrigerada,78,45.3,3413588,19668659,6,0,0,43763.94871794872,5.761872551696339,57.37,-2.048830459279505
2020-04-01,2020,4,2020,Carga_refrigerada,76,38.5,3338635,17100316,7,0,0,43929.40789473684,5.12194834116338,55.49,-3.2769740282377446
2020-05-01,2020,5,2020,Carga_refrigerada,74,38.5,2290020,21690866,8,0,0,30946.216216216217,9.471911162347928,54.15,-2.4148495224364797
2020-06-01,2020,6,2020,Carga_refrigerada,67,41.2,3634247,20391480,9,0,0,54242.49253731343,5.610922977992415,52.26,-3.4903047091412787
2020-07-01,2020,7,2020,Carga_refrigerada,66,32.0,3817046,17271673,10,0,0,57834.030303030304,4.524879448662657,51.54,-1.3777267508610747
2020-08-01,2020,8,2020,Carga_refrigerada,69,45.3,3066835,23055897,11,0,0,44446.884057971016,7.517814619958361,52.15,1.1835467597982152
2020-09-01,2020,9,2020,Carga_refrigerada,68,36.6,3241190,18969653,12,0,0,47664.55882352941,5.852681576828264,50.85,-2.4928092042185934
2020-10-01,2020,10,2021,Carga_refrigerada,57,38.7,1657189,12551261,1,0,0,29073.491228070176,7.57382591846796,49.46,-2.7335299901671606
2020-11-01,2020,11,2021,Carga_refrigerada,65,44.6,1679984,16154928,2,0,0,25845.907692307694,9.616120153525271,49.2,-0.5256773150020155
2020-12-01,2020,12,2021,Carga_refrigerada,75,45.0,3223489,22090363,3,0,0,42979.85333333333,6.852935747570412,48.82,-0.7723577235772439
2021-01-01,2021,1,2021,Carga_refrigerada,75,41.0,3006613,25353536,4,0,0,40088.17333333333,8.432590426503179,49.87,2.1507578861122534
2021-02-01,2021,2,2021,Carga_refrigerada,70,40.7,3829010,18693383,5,0,0,54700.142857142855,4.882040788611155,50.17,0.6015640665731015
2021-03-01,2021,3,2021,Carga_refrigerada,65,36.1,2449118,17677127,6,0,0,37678.73846153846,7.217752268367633,51.15,1.953358580825193
2021-04-01,2021,4,2021,Carga_refrigerada,78,43.2,2499199,14828522,7,0,0,32041.01282051282,5.933309832470323,52.71,3.0498533724340193
2021-05-01,2021,5,2021,Carga_refrigerada,68,41.6,3092849,15496786,8,0,0,45483.07352941176,5.010521367192514,52.7,-0.018971732119144047
2021-06-01,2021,6,2021,Carga_refrigerada,68,41.0,3208622,15940753,9,0,0,47185.617647058825,4.968099389706858,53.39,1.3092979127134585
2021-07-01,2021,7,2021,Carga_refrigerada,68,41.7,2006289,20853077,10,0,0,29504.25,10.393855022880553,52.94,-0.8428544671286842
2021-08-01,2021,8,2021,Carga_refrigerada,62,36.6,3027522,13551607,11,0,0,48831.0,4.476138241109396,52.97,0.05666792595391268
2021-09-01,2021,9,2021,Carga_refrigerada,59,39.6,3098816,18563685,12,0,0,52522.30508474576,5.990573496458002,52.57,-0.7551444213705794
2021-10-01,2021,10,2022,Carga_refrigerada,69,38.4,2322903,20544923,1,0,0,33665.260869565216,8.844503192772148,53.44,1.6549362754422647
2021-11-01,2021,11,2022,Carga_refrigerada,67,38.9,2834458,20420801,2,0,0,42305.34328358209,7.2044817739405556,53.49,0.09356287425150711
2021-12-01,2021,12,2022,Carga_refrigerada,70,41.6,3216274,20845235,3,0,0,45946.77142857143,6.481175111324471,54.78,2.4116657319125157
2022-01-01,2022,1,2022,Carga_refrigerada,79,42.0,4170355,26044593,4,0,0,52789.303797468354,6.245174091893856,56.59,3.3041255932822144
2022-02-01,2022,2,2022,Carga_refrigerada,75,40.1,3321722,21011388,5,0,0,44289.62666666666,6.325450474181765,58.08,2.63297402367908
2022-03-01,2022,3,2022,Carga_refrigerada,72,40.6,3450936,21362319,6,0,0,47929.666666666664,6.190297067230456,56.9,-2.031680440771344
2022-04-01,2022,4,2022,Carga_refrigerada,66,31.0,2338850,21977882,7,0,0,35437.121212121216,9.39687538747675,57.99,1.9156414762741658
2022-05-01,2022,5,2022,Carga_refrigerada,76,39.8,4477706,19814013,8,0,0,58917.18421052631,4.425036614730846,59.67,2.8970512157268535
2022-06-01,2022,6,2022,Carga_refrigerada,63,37.4,2251637,15207314,9,0,0,35740.269841269845,6.753892390292041,61.6,3.2344561756326495
2022-07-01,2022,7,2022,Carga_refrigerada,69,42.6,4601331,18729899,10,0,0,66685.95652173914,4.070539372194697,59.26,-3.7987012987013014
2022-08-01,2022,8,2022,Carga_refrigerada,67,40.7,3171100,22709278,11,0,0,47329.850746268654,7.161325092239286,57.95,-2.210597367532896
2022-09-01,2022,9,2022,Carga_refrigerada,73,44.0,3852145,20521824,12,0,0,52769.109589041094,5.327375786737,56.23,-2.968075927523739
2022-10-01,2022,10,2023,Carga_refrigerada,74,40.4,4386908,21777665,1,0,0,59282.54054054054,4.964240189217554,54.7,-2.7209674550951357
2022-11-01,2022,11,2023,Carga_refrigerada,68,35.4,3447315,15826376,2,0,0,50695.80882352941,4.5909283021714,54.75,0.0914076782449591
2022-12-01,2022,12,2023,Carga_refrigerada,73,33.3,2741725,24867796,3,0,0,37557.87671232877,9.070127748041836,53.27,-2.7031963470319553
2023-01-01,2023,1,2023,Carga_refrigerada,72,44.1,1964628,21155692,4,0,0,27286.5,10.768294048542524,53.25,-0.037544584193738295
2023-02-01,2023,2,2023,Carga_refrigerada,87,32.9,4140512,21714538,5,0,0,47592.09195402299,5.2444089040196,53.81,1.0516431924882719
2023-03-01,2023,3,2023,Carga_refrigerada,77,33.0,3928106,21956154,6,0,0,51014.36363636364,5.5895014034753645,53.43,-0.7061884408102626
2023-04-01,2023,4,2023,Carga_refrigerada,72,49.5,2239076,20746463,7,0,0,31098.277777777777,9.265635914100281,53.36,-0.13101253977166882
2023-05-01,2023,5,2023,Carga_refrigerada,66,39.2,2537169,18773965,8,0,0,38441.954545454544,7.399572121526,53.43,0.1311844077960922
2023-06-01,2023,6,2023,Carga_refrigerada,46,40.8,1657313,15570733,9,1,0,36028.54347826087,9.39516735824796,53.47,0.07486430844094727
2023-07-01,2023,7,2023,Carga_refrigerada,50,43.7,2443592,13478343,10,1,0,48871.84,5.515791097695524,52.69,-1.4587619225734039
2023-08-01,2023,8,2023,Carga_refrigerada,46,44.2,2214762,10309589,11,1,0,48147.0,4.654942156312958,52.74,0.09489466691972037
2023-09-01,2023,9,2023,Carga_refrigerada,42,41.8,1738809,9952763,12,1,0,41400.21428571428,5.723896644197263,53.6,1.630640879787637
2023-10-01,2023,10,2024,Carga_refrigerada,46,35.4,1820763,11405021,1,1,0,39581.80434782609,6.263869048305573,52.6,-1.8656716417910446
2023-11-01,2023,11,2024,Carga_refrigerada,42,40.9,2419227,12580963,2,1,0,57600.642857142855,5.200406162794976,53.14,1.0266159695817567
2023-12-01,2023,12,2024,Carga_refrigerada,50,37.4,2482740,14953205,3,1,0,49654.8,6.022863852034446,53.22,0.15054572826496138
2024-01-01,2024,1,2024,Carga_refrigerada,55,32.8,2209803,12995630,4,1,0,40178.236363636366,5.880899790614819,52.81,-0.7703870725291218
2024-02-01,2024,2,2024,Carga_refrigerada,61,36.8,1862625,20846122,5,1,0,30534.83606557377,11.191797597476679,54.08,2.4048475667487246
2024-03-01,2024,3,2024,Carga_refrigerada,59,43.4,2805612,19491511,6,1,0,47552.745762711864,6.94732949531154,54.57,0.9060650887573907
2024-04-01,2024,4,2024,Carga_refrigerada,60,42.0,2989443,15903818,7,1,0,49824.05,5.319993724583476,53.79,-1.4293567894447468
2024-05-01,2024,5,2024,Carga_refrigerada,56,39.6,2229130,12352341,8,1,0,39805.892857142855,5.541328231193336,53.84,0.0929540806841489
2024-06-01,2024,6,2024,Carga_refrigerada,71,41.0,3811045,21444625,9,0,0,53676.69014084507,5.626967144182239,54.21,0.6872213967310525
2024-07-01,2024,7,2024,Carga_refrigerada,77,37.0,3152441,20617153,10,0,0,40940.792207792205,6.540059909130734,54.09,-0.22136137244050946
2024-08-01,2024,8,2024,Carga_refrigerada,75,43.3,4004699,23531810,11,0,0,53395.986666666664,5.876049610719807,54.53,0.813459049731935
2024-09-01,2024,9,2024,Carga_refrigerada,66,37.2,2992509,18251099,12,0,0,45341.045454545456,6.098928691609616,54.48,-0.09169264624977469
2024-10-01,2024,10,2025,Carga_refrigerada,62,37.5,3095652,11588792,1,0,0,49929.87096774193,3.743570659751161,54.92,0.8076358296622788
2024-11-01,2024,11,2025,Carga_refrigerada,71,37.6,2148525,14436863,2,0,0,30260.915492957745,6.719429841402823,55.87,1.7297887836853487
2024-12-01,2024,12,2025,Carga_refrigerada,69,31.2,2802463,22719975,3,0,0,40615.40579710145,8.107145393177358,55.42,-0.8054412027921898
2025-01-01,2025,1,2025,Carga_refrigerada,81,33.5,4043157,24725212,4,0,1,49915.51851851852,6.115323248639615,55.25,-0.30674846625766694
2025-02-01,2025,2,2025,Carga_refrigerada,83,36.1,4575826,27796176,5,0,1,55130.43373493976,6.074570143182892,54.72,-0.959276018099553
2025-03-01,2025,3,2025,Carga_refrigerada,89,43.7,3455884,30820258,6,0,1,38830.15730337079,8.91819806451837,54.52,-0.36549707602338
2025-04-01,2025,4,2025,Carga_refrigerada,89,36.2,3876882,26521342,7,0,1,43560.47191011236,6.8408948221792665,53.6,-1.6874541452677971
2025-05-01,2025,5,2025,Carga_refrigerada,88,40.6,4236833,21605822,8,0,1,48145.829545454544,5.099521741829333,53.02,-1.0820895522388074
2025-06-01,2025,6,2025,Carga_refrigerada,77,39.1,4979278,25847578,9,0,1,64665.94805194805,5.191029301838539,52.65,-0.6978498679743539
2025-07-01,2025,7,2025,Carga_refrigerada,81,38.1,3946641,19404784,10,0,1,48723.96296296296,4.916784678413872,52.86,0.39886039886039004
2025-08-01,2025,8,2025,Carga_refrigerada,70,43.1,3571608,21960888,11,0,1,51022.97142857143,6.1487397273161,53.2,0.6432084752175715
2025-09-01,2025,9,2025,Carga_refrigerada,75,40.5,3171236,18330629,12,0,1,42283.14666666667,5.780279045772689,52.23,-1.8233082706767045
2025-10-01,2025,10,2026,Carga_refrigerada,81,40.3,3085905,25299694,1,0,1,38097.59259259259,8.198468196525816,51.55,-1.301933754547191
2025-11-01,2025,11,2026,Carga_refrigerada,70,45.7,2925297,17497971,2,0,1,41789.95714285714,5.981604944728689,51.63,0.15518913676044743
2025-12-01,2025,12,2026,Carga_refrigerada,78,39.5,3129298,29014951,3,0,1,40119.205128205125,9.27203193815354,50.34,-2.498547356188263
2019-10-01,2019,10,2020,Gas_licuado_GLP,40,38.6,1970338,11784710,1,0,0,49258.45,5.981060102378374,60.0,0.0
2019-11-01,2019,11,2020,Gas_licuado_GLP,45,43.2,1899458,11767766,2,0,0,42210.177777777775,6.19532835156134,60.0,0.0
2019-12-01,2019,12,2020,Gas_licuado_GLP,42,39.2,1570792,11190424,3,0,0,37399.80952380953,7.12406480297837,60.0,0.0
2020-01-01,2020,1,2020,Gas_licuado_GLP,44,38.3,1764541,12072208,4,0,0,40103.204545454544,6.841557096151351,59.1,-1.5000000000000013
2020-02-01,2020,2,2020,Gas_licuado_GLP,49,46.1,2276827,11320040,5,0,0,46465.857142857145,4.971848981060045,58.57,-0.8967851099830781
2020-03-01,2020,3,2020,Gas_licuado_GLP,48,40.9,3126710,17043541,6,0,0,65139.791666666664,5.450950359963028,57.37,-2.048830459279505
2020-04-01,2020,4,2020,Gas_licuado_GLP,49,44.1,2265928,14409442,7,0,0,46243.42857142857,6.359179108956684,55.49,-3.2769740282377446
2020-05-01,2020,5,2020,Gas_licuado_GLP,46,35.8,1946920,15272082,8,0,0,42324.34782608696,7.84422677870688,54.15,-2.4148495224364797
2020-06-01,2020,6,2020,Gas_licuado_GLP,49,31.7,1973287,14878176,9,0,0,40271.163265306124,7.539793248523909,52.26,-3.4903047091412787
2020-07-01,2020,7,2020,Gas_licuado_GLP,39,36.8,1892166,11737733,10,0,0,48517.07692307692,6.203331525880921,51.54,-1.3777267508610747
2020-08-01,2020,8,2020,Gas_licuado_GLP,39,38.6,2005718,13604400,11,0,0,51428.666666666664,6.782807952065046,52.15,1.1835467597982152
2020-09-01,2020,9,2020,Gas_licuado_GLP,38,38.2,1620869,13584591,12,0,0,42654.44736842105,8.381054236955608,50.85,-2.4928092042185934
2020-10-01,2020,10,2021,Gas_licuado_GLP,34,37.8,2188352,10111442,1,0,0,64363.294117647056,4.6205738382125,49.46,-2.7335299901671606
2020-11-01,2020,11,2021,Gas_licuado_GLP,42,39.4,1958338,10065659,2,0,0,46627.09523809524,5.139898730454089,49.2,-0.5256773150020155
2020-12-01,2020,12,2021,Gas_licuado_GLP,46,48.0,1637005,11339067,3,0,0,35587.065217391304,6.926714945892041,48.82,-0.7723577235772439
2021-01-01,2021,1,2021,Gas_licuado_GLP,48,37.9,2001930,16056273,4,0,0,41706.875,8.020396817071527,49.87,2.1507578861122534
2021-02-01,2021,2,2021,Gas_licuado_GLP,47,33.2,1507512,14066285,5,0,0,32074.72340425532,9.330794713408583,50.17,0.6015640665731015
2021-03-01,2021,3,2021,Gas_licuado_GLP,51,36.1,1923485,15419439,6,0,0,37715.39215686275,8.016407198392502,51.15,1.953358580825193
2021-04-01,2021,4,2021,Gas_licuado_GLP,48,43.7,2850276,14431291,7,0,0,59380.75,5.063120553939338,52.71,3.0498533724340193
2021-05-01,2021,5,2021,Gas_licuado_GLP,46,41.0,2086270,12506638,8,0,0,45353.69565217391,5.994736060049754,52.7,-0.018971732119144047
2021-06-01,2021,6,2021,Gas_licuado_GLP,39,40.1,1764646,10736527,9,0,0,45247.333333333336,6.084238425157227,53.39,1.3092979127134585
2021-07-01,2021,7,2021,Gas_licuado_GLP,41,43.3,1404766,10812612,10,0,0,34262.58536585366,7.697091188140943,52.94,-0.8428544671286842
2021-08-01,2021,8,2021,Gas_licuado_GLP,40,48.2,1727861,9156773,11,0,0,43196.525,5.299484738645065,52.97,0.05666792595391268
2021-09-01,2021,9,2021,Gas_licuado_GLP,42,38.6,2002842,6836601,12,0,0,47686.71428571428,3.4134499875676663,52.57,-0.7551444213705794
2021-10-01,2021,10,2022,Gas_licuado_GLP,42,42.5,1418165,12316147,1,0,0,33765.833333333336,8.684565618246113,53.44,1.6549362754422647
2021-11-01,2021,11,2022,Gas_licuado_GLP,37,38.5,1019657,10413368,2,0,0,27558.297297297297,10.212618557024568,53.49,0.09356287425150711
2021-12-01,2021,12,2022,Gas_licuado_GLP,43,39.8,1566244,12822640,3,0,0,36424.27906976744,8.1868725434862,54.78,2.4116657319125157
2022-01-01,2022,1,2022,Gas_licuado_GLP,43,42.8,1468599,10673288,4,0,0,34153.46511627907,7.267666667347588,56.59,3.3041255932822144
2022-02-01,2022,2,2022,Gas_licuado_GLP,48,42.8,2341665,12702247,5,0,0,48784.6875,5.424450978256924,58.08,2.63297402367908
2022-03-01,2022,3,2022,Gas_licuado_GLP,48,34.5,2038580,14141498,6,0,0,42470.416666666664,6.936935513936171,56.9,-2.031680440771344
2022-04-01,2022,4,2022,Gas_licuado_GLP,45,42.1,2287337,11562034,7,0,0,50829.71111111111,5.05480128201485,57.99,1.9156414762741658
2022-05-01,2022,5,2022,Gas_licuado_GLP,46,39.5,1762330,14098230,8,0,0,38311.52173913043,7.999767353446857,59.67,2.8970512157268535
2022-06-01,2022,6,2022,Gas_licuado_GLP,44,30.1,1629260,14489907,9,0,0,37028.63636363636,8.893551059990426,61.6,3.2344561756326495
2022-07-01,2022,7,2022,Gas_licuado_GLP,40,49.2,1904589,10028343,10,0,0,47614.725,5.265358037875888,59.26,-3.7987012987013014
2022-08-01,2022,8,2022,Gas_licuado_GLP,37,40.4,2034632,8751879,11,0,0,54990.05405405405,4.301455496620519,57.95,-2.210597367532896
2022-09-01,2022,9,2022,Gas_licuado_GLP,41,36.4,2115412,12990687,12,0,0,51595.41463414634,6.140972538682772,56.23,-2.968075927523739
2022-10-01,2022,10,2023,Gas_licuado_GLP,44,40.2,1527189,9925945,1,0,0,34708.84090909091,6.499486965922358,54.7,-2.7209674550951357
2022-11-01,2022,11,2023,Gas_licuado_GLP,42,42.0,1181983,11687535,2,0,0,28142.45238095238,9.888073686338974,54.75,0.0914076782449591
2022-12-01,2022,12,2023,Gas_licuado_GLP,48,39.1,1476196,11897779,3,0,0,30754.083333333332,8.05975561510802,53.27,-2.7031963470319553
2023-01-01,2023,1,2023,Gas_licuado_GLP,46,33.5,1207281,14614689,4,0,0,26245.239130434784,12.105457635794815,53.25,-0.037544584193738295
2023-02-01,2023,2,2023,Gas_licuado_GLP,48,44.5,1259789,16493668,5,0,0,26245.604166666668,13.092405156736564,53.81,1.0516431924882719
2023-03-01,2023,3,2023,Gas_licuado_GLP,52,37.2,2433170,14564158,6,0,0,46791.730769230766,5.985672188955149,53.43,-0.7061884408102626
2023-04-01,2023,4,2023,Gas_licuado_GLP,48,47.6,1985879,13938831,7,0,0,41372.479166666664,7.018972958574012,53.36,-0.13101253977166882
2023-05-01,2023,5,2023,Gas_licuado_GLP,48,36.9,1938433,14042532,8,0,0,40384.020833333336,7.244269985085891,53.43,0.1311844077960922
2023-06-01,2023,6,2023,Gas_licuado_GLP,33,44.9,1777820,7138542,9,1,0,53873.333333333336,4.015334510805368,53.47,0.07486430844094727
2023-07-01,2023,7,2023,Gas_licuado_GLP,29,42.7,1504642,9928226,10,1,0,51884.206896551725,6.598397492559692,52.69,-1.4587619225734039
2023-08-01,2023,8,2023,Gas_licuado_GLP,30,40.6,1299832,9214228,11,1,0,43327.73333333333,7.088783781288659,52.74,0.09489466691972037
2023-09-01,2023,9,2023,Gas_licuado_GLP,30,35.4,1357768,8576786,12,1,0,45258.933333333334,6.316827322488083,53.6,1.630640879787637
2023-10-01,2023,10,2024,Gas_licuado_GLP,29,32.8,1130498,7065440,1,1,0,38982.68965517241,6.2498474123793235,52.6,-1.8656716417910446
2023-11-01,2023,11,2024,Gas_licuado_GLP,29,38.8,1351024,7230028,2,1,0,46587.03448275862,5.351517071495399,53.14,1.0266159695817567
2023-12-01,2023,12,2024,Gas_licuado_GLP,29,34.1,1436115,5101809,3,1,0,49521.206896551725,3.5525072852800785,53.22,0.15054572826496138
2024-01-01,2024,1,2024,Gas_licuado_GLP,35,39.3,1845074,9754728,4,1,0,52716.4,5.2869033979124955,52.81,-0.7703870725291218
2024-02-01,2024,2,2024,Gas_licuado_GLP,36,38.0,2023453,8571906,5,1,0,56207.02777777778,4.236276305898877,54.08,2.4048475667487246
2024-03-01,2024,3,2024,Gas_licuado_GLP,36,37.2,1348508,11428659,6,1,0,37458.555555555555,8.475039821788227,54.57,0.9060650887573907
2024-04-01,2024,4,2024,Gas_licuado_GLP,33,40.1,1452843,8621678,7,1,0,44025.545454545456,5.93434941008767,53.79,-1.4293567894447468
2024-05-01,2024,5,2024,Gas_licuado_GLP,34,40.9,1571050,10307823,8,1,0,46207.35294117647,6.5611043569587215,53.84,0.0929540806841489
2024-06-01,2024,6,2024,Gas_licuado_GLP,46,43.2,2293910,12485734,9,0,0,49867.608695652176,5.442992096464116,54.21,0.6872213967310525
2024-07-01,2024,7,2024,Gas_licuado_GLP,44,38.0,2661254,12343541,10,0,0,60483.045454545456,4.638242347404645,54.09,-0.22136137244050946
2024-08-01,2024,8,2024,Gas_licuado_GLP,43,36.1,1874330,10850156,11,0,0,43589.06976744186,5.788818404443187,54.53,0.813459049731935
2024-09-01,2024,9,2024,Gas_licuado_GLP,43,37.5,1381570,13189915,12,0,0,32129.53488372093,9.547047923738935,54.48,-0.09169264624977469
2024-10-01,2024,10,2025,Gas_licuado_GLP,42,44.5,2597913,10790894,1,0,0,61855.07142857143,4.153677971510208,54.92,0.8076358296622788
2024-11-01,2024,11,2025,Gas_licuado_GLP,41,36.9,1700513,13648907,2,0,0,41475.92682926829,8.02634675536147,55.87,1.7297887836853487
2024-12-01,2024,12,2025,Gas_licuado_GLP,48,43.7,2744332,14128888,3,0,0,57173.583333333336,5.148388751798252,55.42,-0.8054412027921898
2025-01-01,2025,1,2025,Gas_licuado_GLP,55,38.1,2337767,19845407,4,0,1,42504.854545454546,8.489044032189693,55.25,-0.30674846625766694
2025-02-01,2025,2,2025,Gas_licuado_GLP,58,44.0,2648381,19511575,5,0,1,45661.74137931035,7.367359530218651,54.72,-0.959276018099553
2025-03-01,2025,3,2025,Gas_licuado_GLP,55,39.4,3070352,18625646,6,0,1,55824.58181818182,6.066290119178517,54.52,-0.36549707602338
2025-04-01,2025,4,2025,Gas_licuado_GLP,55,40.5,2299198,14802971,7,0,1,41803.6,6.438319361794852,53.6,-1.6874541452677971
2025-05-01,2025,5,2025,Gas_licuado_GLP,55,39.3,2651136,9104659,8,0,1,48202.472727272725,3.434248186437814,53.02,-1.0820895522388074
2025-06-01,2025,6,2025,Gas_licuado_GLP,56,44.6,2988631,14627501,9,0,1,53368.41071428572,4.894381742008298,52.65,-0.6978498679743539
2025-07-01,2025,7,2025,Gas_licuado_GLP,52,40.4,2344493,14442602,10,0,1,45086.403846153844,6.160223980195291,52.86,0.39886039886039004
2025-08-01,2025,8,2025,Gas_licuado_GLP,49,39.5,2927123,17492012,11,0,1,59737.204081632655,5.9758377082206655,53.2,0.6432084752175715
2025-09-01,2025,9,2025,Gas_licuado_GLP,45,35.0,2208649,15352764,12,0,1,49081.08888888889,6.951201390533308,52.23,-1.8233082706767045
2025-10-01,2025,10,2026,Gas_licuado_GLP,48,40.2,2598754,13478471,1,0,1,54140.708333333336,5.186512844232275,51.55,-1.301933754547191
2025-11-01,2025,11,2026,Gas_licuado_GLP,50,40.9,2890018,14844934,2,0,1,57800.36,5.136623370511879,51.63,0.15518913676044743
2025-12-01,2025,12,2026,Gas_licuado_GLP,48,38.2,2240845,16485127,3,0,1,46684.270833333336,7.356656529121826,50.34,-2.498547356188263
2019-10-01,2019,10,2020,Gas_natural_GNL,28,41.7,1739729,7384815,1,0,0,62133.17857142857,4.244807668320756,60.0,0.0
2019-11-01,2019,11,2020,Gas_natural_GNL,30,39.2,1043835,7040055,2,0,0,34794.5,6.744413628590726,60.0,0.0
2019-12-01,2019,12,2020,Gas_natural_GNL,31,33.1,1502737,8974792,3,0,0,48475.3870967742,5.972297215015002,60.0,0.0
2020-01-01,2020,1,2020,Gas_natural_GNL,33,40.6,1443120,7872937,4,0,0,43730.90909090909,5.455497117356838,59.1,-1.5000000000000013
2020-02-01,2020,2,2020,Gas_natural_GNL,29,46.6,1704890,7911757,5,0,0,58789.31034482759,4.64062608144807,58.57,-0.8967851099830781
2020-03-01,2020,3,2020,Gas_natural_GNL,30,38.9,998773,7691151,6,0,0,33292.433333333334,7.700599635753069,57.37,-2.048830459279505
2020-04-01,2020,4,2020,Gas_natural_GNL,32,40.0,1255281,9365112,7,0,0,39227.53125,7.460570183090479,55.49,-3.2769740282377446
2020-05-01,2020,5,2020,Gas_natural_GNL,32,46.9,1741417,9522030,8,0,0,54419.28125,5.467978089107893,54.15,-2.4148495224364797
2020-06-01,2020,6,2020,Gas_natural_GNL,27,45.9,1294565,8474310,9,0,0,47946.851851851854,6.546067597996238,52.26,-3.4903047091412787
2020-07-01,2020,7,2020,Gas_natural_GNL,29,34.3,769056,8183050,10,0,0,26519.172413793105,10.640382494902841,51.54,-1.3777267508610747
2020-08-01,2020,8,2020,Gas_natural_GNL,25,41.6,916891,7474697,11,0,0,36675.64,8.152219838563145,52.15,1.1835467597982152
2020-09-01,2020,9,2020,Gas_natural_GNL,29,36.2,1385668,7647789,12,0,0,47781.65517241379,5.519207342595774,50.85,-2.4928092042185934
2020-10-01,2020,10,2021,Gas_natural_GNL,26,41.9,845320,6970783,1,0,0,32512.30769230769,8.246324468840202,49.46,-2.7335299901671606
2020-11-01,2020,11,2021,Gas_natural_GNL,30,42.7,1442409,9067840,2,0,0,48080.3,6.286594162959327,49.2,-0.5256773150020155
2020-12-01,2020,12,2021,Gas_natural_GNL,30,46.4,1056630,8698843,3,0,0,35221.0,8.232629207953588,48.82,-0.7723577235772439
2021-01-01,2021,1,2021,Gas_natural_GNL,29,30.3,1678737,11077220,4,0,0,57887.48275862069,6.598544024466012,49.87,2.1507578861122534
2021-02-01,2021,2,2021,Gas_natural_GNL,31,29.7,1589641,9017738,5,0,0,51278.74193548387,5.67281417628257,50.17,0.6015640665731015
2021-03-01,2021,3,2021,Gas_natural_GNL,31,42.6,1391615,9550062,6,0,0,44890.8064516129,6.8625747782253,51.15,1.953358580825193
2021-04-01,2021,4,2021,Gas_natural_GNL,31,36.4,1397839,8308911,7,0,0,45091.58064516129,5.94411158938905,52.71,3.0498533724340193
2021-05-01,2021,5,2021,Gas_natural_GNL,29,39.4,1131905,6669633,8,0,0,39031.206896551725,5.892396446698266,52.7,-0.018971732119144047
2021-06-01,2021,6,2021,Gas_natural_GNL,32,29.3,1541359,10958640,9,0,0,48167.46875,7.10972589773051,53.39,1.3092979127134585
2021-07-01,2021,7,2021,Gas_natural_GNL,27,39.8,1275234,6471475,10,0,0,47230.88888888889,5.074735303481557,52.94,-0.8428544671286842
2021-08-01,2021,8,2021,Gas_natural_GNL,28,35.7,1091606,8284677,11,0,0,38985.92857142857,7.589438863472719,52.97,0.05666792595391268
2021-09-01,2021,9,2021,Gas_natural_GNL,28,25.4,873944,8345980,12,0,0,31212.285714285714,9.549788087108556,52.57,-0.7551444213705794
2021-10-01,2021,10,2022,Gas_natural_GNL,27,38.1,1403040,9157616,1,0,0,51964.444444444445,6.526981411791539,53.44,1.6549362754422647
2021-11-01,2021,11,2022,Gas_natural_GNL,28,44.2,1526030,8067108,2,0,0,54501.07142857143,5.286336441616482,53.49,0.09356287425150711
2021-12-01,2021,12,2022,Gas_natural_GNL,32,39.7,1389597,7533290,3,0,0,43424.90625,5.421204852917788,54.78,2.4116657319125157
2022-01-01,2022,1,2022,Gas_natural_GNL,33,43.4,1877673,8881389,4,0,0,56899.181818181816,4.729997715257129,56.59,3.3041255932822144
2022-02-01,2022,2,2022,Gas_natural_GNL,34,44.1,1580063,10829214,5,0,0,46472.44117647059,6.853659632558955,58.08,2.63297402367908
2022-03-01,2022,3,2022,Gas_natural_GNL,33,39.4,1889389,10569914,6,0,0,57254.21212121212,5.594355635604949,56.9,-2.031680440771344
2022-04-01,2022,4,2022,Gas_natural_GNL,33,42.3,1339918,7757945,7,0,0,40603.57575757576,5.789865499232042,57.99,1.9156414762741658
2022-05-01,2022,5,2022,Gas_natural_GNL,32,42.4,1833463,10815161,8,0,0,57295.71875,5.89876152395767,59.67,2.8970512157268535
2022-06-01,2022,6,2022,Gas_natural_GNL,24,38.6,853439,7492387,9,0,0,35559.958333333336,8.779053921838585,61.6,3.2344561756326495
2022-07-01,2022,7,2022,Gas_natural_GNL,30,39.6,1289308,9074727,10,0,0,42976.933333333334,7.038447756470913,59.26,-3.7987012987013014
2022-08-01,2022,8,2022,Gas_natural_GNL,28,36.3,1109491,9494680,11,0,0,39624.67857142857,8.557689967741965,57.95,-2.210597367532896
2022-09-01,2022,9,2022,Gas_natural_GNL,28,43.0,1199312,6799532,12,0,0,42832.57142857143,5.669527195592139,56.23,-2.968075927523739
2022-10-01,2022,10,2023,Gas_natural_GNL,25,32.9,1146897,8125043,1,0,0,45875.88,7.084370261671275,54.7,-2.7209674550951357
2022-11-01,2022,11,2023,Gas_natural_GNL,32,40.5,1457385,9661604,2,0,0,45543.28125,6.629410896914679,54.75,0.0914076782449591
2022-12-01,2022,12,2023,Gas_natural_GNL,30,41.6,973906,7530788,3,0,0,32463.533333333333,7.732561458703406,53.27,-2.7031963470319553
2023-01-01,2023,1,2023,Gas_natural_GNL,29,38.2,983345,6484435,4,0,0,33908.44827586207,6.594262440954091,53.25,-0.037544584193738295
2023-02-01,2023,2,2023,Gas_natural_GNL,32,44.3,1127711,7896614,5,0,0,35240.96875,7.002338365059843,53.81,1.0516431924882719
2023-03-01,2023,3,2023,Gas_natural_GNL,32,37.2,1417133,6914492,6,0,0,44285.40625,4.879211760646319,53.43,-0.7061884408102626
2023-04-01,2023,4,2023,Gas_natural_GNL,34,39.3,1371978,6424998,7,0,0,40352.294117647056,4.6830182408172725,53.36,-0.13101253977166882
2023-05-01,2023,5,2023,Gas_natural_GNL,30,43.6,1164117,7657264,8,0,0,38803.9,6.5777443332585985,53.43,0.1311844077960922
2023-06-01,2023,6,2023,Gas_natural_GNL,21,44.1,666399,5873360,9,1,0,31733.285714285714,8.81357865182871,53.47,0.07486430844094727
2023-07-01,2023,7,2023,Gas_natural_GNL,19,39.1,968585,5363631,10,1,0,50978.15789473684,5.537594532230005,52.69,-1.4587619225734039
2023-08-01,2023,8,2023,Gas_natural_GNL,19,40.9,987534,4893027,11,1,0,51975.47368421053,4.954793455212681,52.74,0.09489466691972037
2023-09-01,2023,9,2023,Gas_natural_GNL,19,41.7,736374,5707463,12,1,0,38756.52631578947,7.750766594149169,53.6,1.630640879787637
2023-10-01,2023,10,2024,Gas_natural_GNL,19,48.0,863574,5506481,1,1,0,45451.26315789474,6.376385810596428,52.6,-1.8656716417910446
2023-11-01,2023,11,2024,Gas_natural_GNL,19,34.6,914390,5734445,2,1,0,48125.78947368421,6.271333894727633,53.14,1.0266159695817567
2023-12-01,2023,12,2024,Gas_natural_GNL,21,38.1,1164785,5465486,3,1,0,55465.95238095238,4.6922702472988576,53.22,0.15054572826496138
2024-01-01,2024,1,2024,Gas_natural_GNL,25,39.2,1056569,5593085,4,1,0,42262.76,5.293629663561964,52.81,-0.7703870725291218
2024-02-01,2024,2,2024,Gas_natural_GNL,23,40.8,1106843,6896635,5,1,0,48123.608695652176,6.230906280294495,54.08,2.4048475667487246
2024-03-01,2024,3,2024,Gas_natural_GNL,24,40.5,1067806,7422232,6,1,0,44491.916666666664,6.950918050657142,54.57,0.9060650887573907
2024-04-01,2024,4,2024,Gas_natural_GNL,28,42.2,1422646,6797197,7,1,0,50808.78571428572,4.777855488997263,53.79,-1.4293567894447468
2024-05-01,2024,5,2024,Gas_natural_GNL,27,41.1,1319777,6396233,8,1,0,48880.62962962963,4.846449816900885,53.84,0.0929540806841489
2024-06-01,2024,6,2024,Gas_natural_GNL,26,38.2,1256604,6145934,9,0,0,48330.92307692308,4.890907557193834,54.21,0.6872213967310525
2024-07-01,2024,7,2024,Gas_natural_GNL,31,41.0,1599949,9026259,10,0,0,51611.25806451613,5.641591700735461,54.09,-0.22136137244050946
2024-08-01,2024,8,2024,Gas_natural_GNL,30,43.0,1506369,9145921,11,0,0,50212.3,6.071501073110241,54.53,0.813459049731935
2024-09-01,2024,9,2024,Gas_natural_GNL,29,39.8,850083,8938924,12,0,0,29313.206896551725,10.515354383042597,54.48,-0.09169264624977469
2024-10-01,2024,10,2025,Gas_natural_GNL,27,47.3,886204,8669787,1,0,0,32822.37037037037,9.783060108056384,54.92,0.8076358296622788
2024-11-01,2024,11,2025,Gas_natural_GNL,29,40.1,1198041,7617450,2,0,0,41311.75862068965,6.35825485104433,55.87,1.7297887836853487
2024-12-01,2024,12,2025,Gas_natural_GNL,31,38.8,1245837,10796391,3,0,0,40188.290322580644,8.665973959675302,55.42,-0.8054412027921898
2025-01-01,2025,1,2025,Gas_natural_GNL,32,42.0,1010147,8821461,4,0,1,31567.09375,8.732848783394893,55.25,-0.30674846625766694
2025-02-01,2025,2,2025,Gas_natural_GNL,38,42.5,1456688,13921161,5,0,1,38333.89473684211,9.556721137264809,54.72,-0.959276018099553
2025-03-01,2025,3,2025,Gas_natural_GNL,36,39.8,1645965,8659814,6,0,1,45721.25,5.261238240181292,54.52,-0.36549707602338
2025-04-01,2025,4,2025,Gas_natural_GNL,37,37.4,1869554,12485247,7,0,1,50528.48648648649,6.678195441265671,53.6,-1.6874541452677971
2025-05-01,2025,5,2025,Gas_natural_GNL,37,39.5,1650014,11405668,8,0,1,44594.97297297297,6.912467409367435,53.02,-1.0820895522388074
2025-06-01,2025,6,2025,Gas_natural_GNL,35,43.0,1684618,9248907,9,0,1,48131.94285714286,5.490210243509211,52.65,-0.6978498679743539
2025-07-01,2025,7,2025,Gas_natural_GNL,32,38.2,1818775,8821073,10,0,1,56836.71875,4.85000783494385,52.86,0.39886039886039004
2025-08-01,2025,8,2025,Gas_natural_GNL,29,50.0,1092667,9257581,11,0,1,37678.1724137931,8.472463248180826,53.2,0.6432084752175715
2025-09-01,2025,9,2025,Gas_natural_GNL,32,42.3,968051,8092785,12,0,1,30251.59375,8.359874634704163,52.23,-1.8233082706767045
2025-10-01,2025,10,2026,Gas_natural_GNL,30,42.2,1233602,10665508,1,0,1,41120.066666666666,8.645825801190336,51.55,-1.301933754547191
2025-11-01,2025,11,2026,Gas_natural_GNL,35,44.7,1247490,10856806,2,0,1,35642.57142857143,8.70292026388989,51.63,0.15518913676044743
2025-12-01,2025,12,2026,Gas_natural_GNL,35,45.5,1754404,12078361,3,0,1,50125.828571428574,6.884594996363437,50.34,-2.498547356188263
2019-10-01,2019,10,2020,Graneles_secos,152,34.8,6995453,40637245,1,0,0,46022.71710526316,5.809094135862252,60.0,0.0
2019-11-01,2019,11,2020,Graneles_secos,178,40.9,9250914,51432000,2,0,0,51971.426966292136,5.55966686102584,60.0,0.0
2019-12-01,2019,12,2020,Graneles_secos,171,41.9,7052857,47965459,3,0,0,41244.77777777778,6.800855171173895,60.0,0.0
2020-01-01,2020,1,2020,Graneles_secos,202,41.4,11454697,46954794,4,0,0,56706.42079207921,4.099173814898814,59.1,-1.5000000000000013
2020-02-01,2020,2,2020,Graneles_secos,207,36.4,10857684,61147393,5,0,0,52452.57971014493,5.6317160271011755,58.57,-0.8967851099830781
2020-03-01,2020,3,2020,Graneles_secos,175,39.8,6694477,40468308,6,0,0,38254.154285714285,6.045029059028808,57.37,-2.048830459279505
2020-04-01,2020,4,2020,Graneles_secos,223,34.9,8078334,78825268,7,0,0,36225.71300448431,9.757614379400506,55.49,-3.2769740282377446
2020-05-01,2020,5,2020,Graneles_secos,179,38.1,8432643,50495662,8,0,0,47109.737430167595,5.988118078756566,54.15,-2.4148495224364797
2020-06-01,2020,6,2020,Graneles_secos,205,42.9,6646853,56850983,9,0,0,32423.67317073171,8.553067594544366,52.26,-3.4903047091412787
2020-07-01,2020,7,2020,Graneles_secos,176,45.9,6873027,43491359,10,0,0,39051.28977272727,6.327831827228382,51.54,-1.3777267508610747
2020-08-01,2020,8,2020,Graneles_secos,177,38.9,7798560,55432994,11,0,0,44059.661016949154,7.108106368355184,52.15,1.1835467597982152
2020-09-01,2020,9,2020,Graneles_secos,166,34.1,8887271,44278918,12,0,0,53537.77710843374,4.98228511316916,50.85,-2.4928092042185934
2020-10-01,2020,10,2021,Graneles_secos,171,39.3,6628668,50823261,1,0,0,38764.14035087719,7.667190602998973,49.46,-2.7335299901671606
2020-11-01,2020,11,2021,Graneles_secos,192,38.2,10874950,54769811,2,0,0,56640.364583333336,5.03632761529938,49.2,-0.5256773150020155
2020-12-01,2020,12,2021,Graneles_secos,194,43.0,8482225,49253370,3,0,0,43722.80927835051,5.806656861849338,48.82,-0.7723577235772439
2021-01-01,2021,1,2021,Graneles_secos,185,42.2,9454131,55115935,4,0,0,51103.41081081081,5.829825607451388,49.87,2.1507578861122534
2021-02-01,2021,2,2021,Graneles_secos,193,39.4,9634956,40679215,5,0,0,49922.0518134715,4.2220447088704915,50.17,0.6015640665731015
2021-03-01,2021,3,2021,Graneles_secos,194,38.1,9957324,65947385,6,0,0,51326.41237113402,6.6230028268639245,51.15,1.953358580825193
2021-04-01,2021,4,2021,Graneles_secos,186,45.8,8790489,57788840,7,0,0,47260.6935483871,6.574018806007265,52.71,3.0498533724340193
2021-05-01,2021,5,2021,Graneles_secos,196,32.9,8951117,50519455,8,0,0,45668.96428571428,5.6439274562046275,52.7,-0.018971732119144047
2021-06-01,2021,6,2021,Graneles_secos,199,44.4,8744491,45816121,9,0,0,43942.16582914573,5.239426857435156,53.39,1.3092979127134585
2021-07-01,2021,7,2021,Graneles_secos,178,41.5,12536687,55901153,10,0,0,70430.82584269663,4.459005237986719,52.94,-0.8428544671286842
2021-08-01,2021,8,2021,Graneles_secos,160,41.2,8793532,42039427,11,0,0,54959.575,4.780721443897629,52.97,0.05666792595391268
2021-09-01,2021,9,2021,Graneles_secos,168,47.5,7331896,49820684,12,0,0,43642.23809523809,6.795061468411445,52.57,-0.7551444213705794
2021-10-01,2021,10,2022,Graneles_secos,171,34.5,7345021,42803406,1,0,0,42953.33918128655,5.82754031608623,53.44,1.6549362754422647
2021-11-01,2021,11,2022,Graneles_secos,177,41.4,8913832,46906122,2,0,0,50360.63276836158,5.262172542628131,53.49,0.09356287425150711
2021-12-01,2021,12,2022,Graneles_secos,176,36.6,7162971,53099865,3,0,0,40698.69886363636,7.413106237621233,54.78,2.4116657319125157
2022-01-01,2022,1,2022,Graneles_secos,193,38.4,6526318,42123213,4,0,0,33815.11917098446,6.4543610961035,56.59,3.3041255932822144
2022-02-01,2022,2,2022,Graneles_secos,195,38.9,11538292,53832121,5,0,0,59170.7282051282,4.665519038693075,58.08,2.63297402367908
2022-03-01,2022,3,2022,Graneles_secos,187,36.6,12091306,65837029,6,0,0,64659.39037433155,5.444989069005449,56.9,-2.031680440771344
2022-04-01,2022,4,2022,Graneles_secos,190,37.3,7467247,46515726,7,0,0,39301.3,6.229300570879737,57.99,1.9156414762741658
2022-05-01,2022,5,2022,Graneles_secos,204,40.3,8507372,42369193,8,0,0,41702.80392156863,4.980291563599193,59.67,2.8970512157268535
2022-06-01,2022,6,2022,Graneles_secos,185,41.0,6361933,51628070,9,0,0,34388.82702702703,8.115154623602606,61.6,3.2344561756326495
2022-07-01,2022,7,2022,Graneles_secos,180,43.9,8521824,38959937,10,0,0,47343.46666666667,4.571783810602049,59.26,-3.7987012987013014
2022-08-01,2022,8,2022,Graneles_secos,168,41.5,6045328,55968400,11,0,0,35984.09523809524,9.258124621195078,57.95,-2.210597367532896
2022-09-01,2022,9,2022,Graneles_secos,164,42.8,7715749,50195467,12,0,0,47047.25,6.5055857830523,56.23,-2.968075927523739
2022-10-01,2022,10,2023,Graneles_secos,170,41.2,10813060,57911792,1,0,0,63606.23529411765,5.355726501101445,54.7,-2.7209674550951357
2022-11-01,2022,11,2023,Graneles_secos,185,36.8,9624526,41639777,2,0,0,52024.464864864865,4.326423659721009,54.75,0.0914076782449591
2022-12-01,2022,12,2023,Graneles_secos,180,44.3,9825868,49173203,3,0,0,54588.15555555555,5.004464033101198,53.27,-2.7031963470319553
2023-01-01,2023,1,2023,Graneles_secos,181,37.5,6460289,51853311,4,0,0,35692.2044198895,8.026469249285906,53.25,-0.037544584193738295
2023-02-01,2023,2,2023,Graneles_secos,194,45.4,9518538,55835241,5,0,0,49064.62886597938,5.8659471654155295,53.81,1.0516431924882719
2023-03-01,2023,3,2023,Graneles_secos,181,40.2,7972443,59147456,6,0,0,44046.64640883978,7.418987630265905,53.43,-0.7061884408102626
2023-04-01,2023,4,2023,Graneles_secos,190,42.6,7731759,55084401,7,0,0,40693.46842105263,7.124433262857779,53.36,-0.13101253977166882
2023-05-01,2023,5,2023,Graneles_secos,205,40.4,7682530,53059967,8,0,0,37475.756097560974,6.906574657046572,53.43,0.1311844077960922
2023-06-01,2023,6,2023,Graneles_secos,124,39.4,4373015,38896949,9,1,0,35266.25,8.894766882802825,53.47,0.07486430844094727
2023-07-01,2023,7,2023,Graneles_secos,128,32.3,6248483,35837116,10,1,0,48816.2734375,5.735330639452808,52.69,-1.4587619225734039
2023-08-01,2023,8,2023,Graneles_secos,114,31.8,5159818,26820525,11,1,0,45261.56140350877,5.197959501672345,52.74,0.09489466691972037
2023-09-01,2023,9,2023,Graneles_secos,107,41.1,3904592,30814437,12,1,0,36491.51401869159,7.891845550060032,53.6,1.630640879787637
2023-10-01,2023,10,2024,Graneles_secos,123,35.2,4961214,29435256,1,1,0,40335.07317073171,5.933075251339692,52.6,-1.8656716417910446
2023-11-01,2023,11,2024,Graneles_secos,122,41.9,5722667,33727563,2,1,0,46907.10655737705,5.8936791184949255,53.14,1.0266159695817567
2023-12-01,2023,12,2024,Graneles_secos,121,44.5,5353819,28503093,3,1,0,44246.438016528926,5.32388057945179,53.22,0.15054572826496138
2024-01-01,2024,1,2024,Graneles_secos,137,36.0,6888845,41088617,4,1,0,50283.540145985404,5.964514661020824,52.81,-0.7703870725291218
2024-02-01,2024,2,2024,Graneles_secos,163,43.1,7210747,42588794,5,1,0,44237.711656441716,5.906294313196677,54.08,2.4048475667487246
2024-03-01,2024,3,2024,Graneles_secos,155,40.8,9711091,40152608,6,1,0,62652.2,4.134716480362505,54.57,0.9060650887573907
2024-04-01,2024,4,2024,Graneles_secos,159,45.0,10732689,33649321,7,1,0,67501.18867924529,3.1352181172863576,53.79,-1.4293567894447468
2024-05-01,2024,5,2024,Graneles_secos,159,38.8,6574769,47303490,8,1,0,41350.74842767296,7.194699920255753,53.84,0.0929540806841489
2024-06-01,2024,6,2024,Graneles_secos,190,37.5,6145106,47540862,9,0,0,32342.663157894738,7.736377859063782,54.21,0.6872213967310525
2024-07-01,2024,7,2024,Graneles_secos,182,41.5,9205542,67539693,10,0,0,50579.9010989011,7.336851322822708,54.09,-0.22136137244050946
2024-08-01,2024,8,2024,Graneles_secos,147,42.1,4004898,49803230,11,0,0,27244.20408163265,12.435580132128209,54.53,0.813459049731935
2024-09-01,2024,9,2024,Graneles_secos,196,45.9,10575214,51839742,12,0,0,53955.17346938775,4.9020040634638695,54.48,-0.09169264624977469
2024-10-01,2024,10,2025,Graneles_secos,163,33.4,7714116,43328089,1,0,0,47325.865030674846,5.616727697638978,54.92,0.8076358296622788
2024-11-01,2024,11,2025,Graneles_secos,186,50.4,7810356,48671871,2,0,0,41991.16129032258,6.231709668547759,55.87,1.7297887836853487
2024-12-01,2024,12,2025,Graneles_secos,183,39.5,8391801,57447058,3,0,0,45856.83606557377,6.845617287635872,55.42,-0.8054412027921898
2025-01-01,2025,1,2025,Graneles_secos,252,42.7,11198854,66816109,4,0,1,44439.89682539683,5.966334501726695,55.25,-0.30674846625766694
2025-02-01,2025,2,2025,Graneles_secos,249,36.2,11606078,74097580,5,0,1,46610.75502008032,6.384377220280615,54.72,-0.959276018099553
2025-03-01,2025,3,2025,Graneles_secos,252,36.4,9338420,68579295,6,0,1,37057.22222222222,7.3437792474529955,54.52,-0.36549707602338
2025-04-01,2025,4,2025,Graneles_secos,253,39.4,14705076,65642001,7,0,1,58122.83003952569,4.463900832610454,53.6,-1.6874541452677971
2025-05-01,2025,5,2025,Graneles_secos,206,40.6,6375326,55704286,8,0,1,30948.18446601942,8.737480404923607,53.02,-1.0820895522388074
2025-06-01,2025,6,2025,Graneles_secos,210,38.5,7929923,57375773,9,0,1,37761.538095238095,7.235350582849291,52.65,-0.6978498679743539
2025-07-01,2025,7,2025,Graneles_secos,202,37.2,6146697,70721392,10,0,1,30429.19306930693,11.50559267847431,52.86,0.39886039886039004
2025-08-01,2025,8,2025,Graneles_secos,192,40.4,11291339,39048459,11,0,1,58809.057291666664,3.458266464234224,53.2,0.6432084752175715
2025-09-01,2025,9,2025,Graneles_secos,192,35.8,7767978,48992091,12,0,1,40458.21875,6.306929679769948,52.23,-1.8233082706767045
2025-10-01,2025,10,2026,Graneles_secos,203,41.2,9965698,57990252,1,0,1,49092.10837438424,5.818985484007242,51.55,-1.301933754547191
2025-11-01,2025,11,2026,Graneles_secos,201,43.6,10332556,58505630,2,0,1,51405.751243781095,5.662261109448621,51.63,0.15518913676044743
2025-12-01,2025,12,2026,Graneles_secos,218,33.6,12268876,55096321,3,0,1,56279.247706422015,4.490739086449321,50.34,-2.498547356188263
2019-10-01,2019,10,2020,Otros,36,36.6,1382549,11016853,1,0,0,38404.13888888889,7.968508168607405,60.0,0.0
2019-11-01,2019,11,2020,Otros,37,40.6,1850174,9902167,2,0,0,50004.7027027027,5.352019323587943,60.0,0.0
2019-12-01,2019,12,2020,Otros,40,40.1,2312569,10817030,3,0,0,57814.225,4.6774950282564545,60.0,0.0
2020-01-01,2020,1,2020,Otros,41,43.9,1681231,9536692,4,0,0,41005.634146341465,5.672445963701597,59.1,-1.5000000000000013
2020-02-01,2020,2,2020,Otros,44,38.4,1978197,12032340,5,0,0,44959.02272727273,6.082478135392987,58.57,-0.8967851099830781
2020-03-01,2020,3,2020,Otros,37,39.3,1350525,9576429,6,0,0,36500.67567567567,7.0908935414005665,57.37,-2.048830459279505
2020-04-01,2020,4,2020,Otros,40,35.6,2181165,11620398,7,0,0,54529.125,5.327610703454346,55.49,-3.2769740282377446
2020-05-01,2020,5,2020,Otros,41,37.2,2169583,9547582,8,0,0,52916.65853658537,4.400653028715657,54.15,-2.4148495224364797
2020-06-01,2020,6,2020,Otros,40,41.1,1523729,10963954,9,0,0,38093.225,7.195475048384588,52.26,-3.4903047091412787
2020-07-01,2020,7,2020,Otros,40,40.9,1969620,10072522,10,0,0,49240.5,5.113941775570923,51.54,-1.3777267508610747
2020-08-01,2020,8,2020,Otros,36,35.7,1431566,10696162,11,0,0,39765.72222222222,7.471651324493597,52.15,1.1835467597982152
2020-09-01,2020,9,2020,Otros,39,35.4,1756977,14972371,12,0,0,45050.692307692305,8.521665906838848,50.85,-2.4928092042185934
2020-10-01,2020,10,2021,Otros,38,37.2,1982935,13115984,1,0,0,52182.5,6.614429620738955,49.46,-2.7335299901671606
2020-11-01,2020,11,2021,Otros,36,35.9,1261592,8800131,2,0,0,35044.22222222222,6.975417567644691,49.2,-0.5256773150020155
2020-12-01,2020,12,2021,Otros,38,43.3,1783464,7942057,3,0,0,46933.26315789474,4.453163618665698,48.82,-0.7723577235772439
2021-01-01,2021,1,2021,Otros,41,35.5,2035096,12340192,4,0,0,49636.48780487805,6.0636903615357705,49.87,2.1507578861122534
2021-02-01,2021,2,2021,Otros,48,41.7,2308878,13119498,5,0,0,48101.625,5.682196287547458,50.17,0.6015640665731015
2021-03-01,2021,3,2021,Otros,39,42.7,1645502,9325242,6,0,0,42192.35897435898,5.667110705426064,51.15,1.953358580825193
2021-04-01,2021,4,2021,Otros,40,43.4,2004680,11908072,7,0,0,50117.0,5.940136081569128,52.71,3.0498533724340193
2021-05-01,2021,5,2021,Otros,44,44.2,2341094,12388487,8,0,0,53206.681818181816,5.291751206914374,52.7,-0.018971732119144047
2021-06-01,2021,6,2021,Otros,39,45.7,2328264,10395934,9,0,0,59699.07692307692,4.465101036652201,53.39,1.3092979127134585
2021-07-01,2021,7,2021,Otros,38,39.1,1678560,10597466,10,0,0,44172.63157894737,6.313426985034792,52.94,-0.8428544671286842
2021-08-01,2021,8,2021,Otros,40,42.1,2236297,8190722,11,0,0,55907.425,3.6626271018563274,52.97,0.05666792595391268
2021-09-01,2021,9,2021,Otros,35,49.0,1574462,10371250,12,0,0,44984.62857142857,6.587170728794979,52.57,-0.7551444213705794
2021-10-01,2021,10,2022,Otros,38,40.5,1749752,11892104,1,0,0,46046.10526315789,6.796451154220712,53.44,1.6549362754422647
2021-11-01,2021,11,2022,Otros,40,37.8,2057817,12283842,2,0,0,51445.425,5.969355875668245,53.49,0.09356287425150711
2021-12-01,2021,12,2022,Otros,43,51.2,1733214,14508716,3,0,0,40307.3023255814,8.370989387346283,54.78,2.4116657319125157
2022-01-01,2022,1,2022,Otros,44,38.6,2103916,10580016,4,0,0,47816.27272727273,5.02872548143557,56.59,3.3041255932822144
2022-02-01,2022,2,2022,Otros,42,45.9,1066506,9378290,5,0,0,25393.0,8.793471391628364,58.08,2.63297402367908
2022-03-01,2022,3,2022,Otros,40,36.3,2275174,9506750,6,0,0,56879.35,4.178471624587834,56.9,-2.031680440771344
2022-04-01,2022,4,2022,Otros,42,42.3,2097712,14367158,7,0,0,49945.52380952381,6.848965920965318,57.99,1.9156414762741658
2022-05-01,2022,5,2022,Otros,40,46.5,1916383,10851153,8,0,0,47909.575,5.662309152189307,59.67,2.8970512157268535
2022-06-01,2022,6,2022,Otros,39,41.5,1291662,12777045,9,0,0,33119.53846153846,9.891941545079131,61.6,3.2344561756326495
2022-07-01,2022,7,2022,Otros,37,38.0,1543539,9984135,10,0,0,41717.27027027027,6.4683399641991555,59.26,-3.7987012987013014
2022-08-01,2022,8,2022,Otros,38,39.3,1884966,8497074,11,0,0,49604.36842105263,4.507812873017338,57.95,-2.210597367532896
2022-09-01,2022,9,2022,Otros,35,28.2,1225751,11369176,12,0,0,35021.45714285714,9.275273689354526,56.23,-2.968075927523739
2022-10-01,2022,10,2023,Otros,41,34.2,1716857,14277598,1,0,0,41874.560975609755,8.316125338336274,54.7,-2.7209674550951357
2022-11-01,2022,11,2023,Otros,36,45.2,1529229,7294275,2,0,0,42478.583333333336,4.769903657333205,54.75,0.0914076782449591
2022-12-01,2022,12,2023,Otros,38,43.1,1955972,10418368,3,0,0,51472.94736842105,5.326440255790983,53.27,-2.7031963470319553
2023-01-01,2023,1,2023,Otros,42,41.0,2420130,9966442,4,0,0,57622.142857142855,4.118143240239161,53.25,-0.037544584193738295
2023-02-01,2023,2,2023,Otros,38,43.9,1712517,10330251,5,0,0,45066.23684210526,6.0322034759362975,53.81,1.0516431924882719
2023-03-01,2023,3,2023,Otros,45,41.5,1763634,12094919,6,0,0,39191.86666666667,6.857952953957567,53.43,-0.7061884408102626
2023-04-01,2023,4,2023,Otros,41,37.9,2043863,9285052,7,0,0,49850.31707317073,4.54289353053507,53.36,-0.13101253977166882
2023-05-01,2023,5,2023,Otros,45,49.1,1653941,12726754,8,0,0,36754.24444444444,7.694805316513709,53.43,0.1311844077960922
2023-06-01,2023,6,2023,Otros,28,39.4,1133782,7343826,9,1,0,40492.21428571428,6.477282228858811,53.47,0.07486430844094727
2023-07-01,2023,7,2023,Otros,28,39.0,1591134,6831224,10,1,0,56826.21428571428,4.293305277871003,52.69,-1.4587619225734039
2023-08-01,2023,8,2023,Otros,27,47.2,1522871,5803828,11,1,0,56402.62962962963,3.811109411105734,52.74,0.09489466691972037
2023-09-01,2023,9,2023,Otros,25,44.1,1061542,5533814,12,1,0,42461.68,5.212995811753092,53.6,1.630640879787637
2023-10-01,2023,10,2024,Otros,28,35.2,1195853,7183622,1,1,0,42709.03571428572,6.007111241933582,52.6,-1.8656716417910446
2023-11-01,2023,11,2024,Otros,28,39.6,1141095,10319850,2,1,0,40753.392857142855,9.043813179446058,53.14,1.0266159695817567
2023-12-01,2023,12,2024,Otros,28,44.0,1037411,8169943,3,1,0,37050.392857142855,7.875319424991638,53.22,0.15054572826496138
2024-01-01,2024,1,2024,Otros,32,40.2,888061,7788640,4,1,0,27751.90625,8.770388520608382,52.81,-0.7703870725291218
2024-02-01,2024,2,2024,Otros,33,40.4,1541785,10259752,5,1,0,46720.757575757576,6.6544634952344195,54.08,2.4048475667487246
2024-03-01,2024,3,2024,Otros,34,36.8,1714275,8508349,6,1,0,50419.85294117647,4.963234603549606,54.57,0.9060650887573907
2024-04-01,2024,4,2024,Otros,33,40.1,1428200,8166324,7,1,0,43278.78787878788,5.71791345749895,53.79,-1.4293567894447468
2024-05-01,2024,5,2024,Otros,32,39.6,1208958,8569634,8,1,0,37779.9375,7.088446414184777,53.84,0.0929540806841489
2024-06-01,2024,6,2024,Otros,36,47.5,1462597,7222833,9,0,0,40627.694444444445,4.938361694985017,54.21,0.6872213967310525
2024-07-01,2024,7,2024,Otros,37,41.6,2326378,9959812,10,0,0,62875.08108108108,4.2812526597139415,54.09,-0.22136137244050946
2024-08-01,2024,8,2024,Otros,37,41.3,2022942,12685577,11,0,0,54674.10810810811,6.2708555163717,54.53,0.813459049731935
2024-09-01,2024,9,2024,Otros,35,39.3,1394621,10624184,12,0,0,39846.31428571429,7.617972194596238,54.48,-0.09169264624977469
2024-10-01,2024,10,2025,Otros,35,41.1,1853751,9618369,1,0,0,52964.31428571429,5.188598145058317,54.92,0.8076358296622788
2024-11-01,2024,11,2025,Otros,33,40.8,1686207,8870309,2,0,0,51097.181818181816,5.260510127167068,55.87,1.7297887836853487
2024-12-01,2024,12,2025,Otros,40,45.7,1977676,8461642,3,0,0,49441.9,4.278578493140434,55.42,-0.8054412027921898
2025-01-01,2025,1,2025,Otros,42,43.4,2372162,14263408,4,0,1,56480.04761904762,6.012830489654585,55.25,-0.30674846625766694
2025-02-01,2025,2,2025,Otros,54,41.1,1603247,17362706,5,0,1,29689.75925925926,10.829713699760548,54.72,-0.959276018099553
2025-03-01,2025,3,2025,Otros,49,39.1,2465402,12573030,6,0,1,50314.32653061225,5.099788999927801,54.52,-0.36549707602338
2025-04-01,2025,4,2025,Otros,55,42.0,1694697,16398790,7,0,1,30812.672727272726,9.676532147044576,53.6,-1.6874541452677971
2025-05-01,2025,5,2025,Otros,49,40.6,2612432,11591372,8,0,1,53314.93877551021,4.437004293317491,53.02,-1.0820895522388074
2025-06-01,2025,6,2025,Otros,49,41.3,2499058,15429071,9,0,1,51001.183673469386,6.173954746148349,52.65,-0.6978498679743539
2025-07-01,2025,7,2025,Otros,46,39.0,2280997,11695847,10,0,1,49586.891304347824,5.127515292654922,52.86,0.39886039886039004
2025-08-01,2025,8,2025,Otros,45,40.9,2455682,12735719,11,0,1,54570.71111111111,5.186224845073588,53.2,0.6432084752175715
2025-09-01,2025,9,2025,Otros,39,37.9,1495638,11538397,12,0,1,38349.692307692305,7.714699011391794,52.23,-1.8233082706767045
2025-10-01,2025,10,2026,Otros,48,47.3,1768412,15191332,1,0,1,36841.916666666664,8.590380522186006,51.55,-1.301933754547191
2025-11-01,2025,11,2026,Otros,46,40.5,2137846,16469736,2,0,1,46474.913043478264,7.70389260966412,51.63,0.15518913676044743
2025-12-01,2025,12,2026,Otros,43,49.3,2216889,11465312,3,0,1,51555.558139534885,5.171802467331472,50.34,-2.498547356188263
2019-10-01,2019,10,2020,Pasajeros,13,36.7,649061,4227065,1,0,0,49927.769230769234,6.512585103711362,60.0,0.0
2019-11-01,2019,11,2020,Pasajeros,13,42.0,599812,3999052,2,0,0,46139.38461538462,6.667175715057384,60.0,0.0
2019-12-01,2019,12,2020,Pasajeros,14,34.2,638078,3623484,3,0,0,45577.0,5.678747739304599,60.0,0.0
2020-01-01,2020,1,2020,Pasajeros,14,38.1,623976,4910040,4,0,0,44569.71428571428,7.868956498326859,59.1,-1.5000000000000013
2020-02-01,2020,2,2020,Pasajeros,15,45.8,542154,3663163,5,0,0,36143.6,6.756683525345197,58.57,-0.8967851099830781
2020-03-01,2020,3,2020,Pasajeros,16,44.8,626677,4061346,6,0,0,39167.3125,6.4807644129272335,57.37,-2.048830459279505
2020-04-01,2020,4,2020,Pasajeros,15,48.4,863802,4431507,7,0,0,57586.8,5.130234706564699,55.49,-3.2769740282377446
2020-05-01,2020,5,2020,Pasajeros,17,41.8,877606,4558331,8,0,0,51623.882352941175,5.194051772663359,54.15,-2.4148495224364797
2020-06-01,2020,6,2020,Pasajeros,14,43.3,749668,4050411,9,0,0,53547.71428571428,5.402939701307779,52.26,-3.4903047091412787
2020-07-01,2020,7,2020,Pasajeros,13,41.8,658003,3711885,10,0,0,50615.61538461538,5.641136894512639,51.54,-1.3777267508610747
2020-08-01,2020,8,2020,Pasajeros,13,32.7,681542,3325399,11,0,0,52426.307692307695,4.879228279401709,52.15,1.1835467597982152
2020-09-01,2020,9,2020,Pasajeros,13,40.7,649393,3463585,12,0,0,49953.307692307695,5.333573044366046,50.85,-2.4928092042185934
2020-10-01,2020,10,2021,Pasajeros,14,39.7,718570,4113001,1,0,0,51326.42857142857,5.723869629959503,49.46,-2.7335299901671606
2020-11-01,2020,11,2021,Pasajeros,14,48.1,620245,3748033,2,0,0,44303.21428571428,6.042826624962716,49.2,-0.5256773150020155
2020-12-01,2020,12,2021,Pasajeros,16,33.4,556023,4208891,3,0,0,34751.4375,7.569634709355548,48.82,-0.7723577235772439
2021-01-01,2021,1,2021,Pasajeros,15,32.3,637741,4028266,4,0,0,42516.066666666666,6.316460757580272,49.87,2.1507578861122534
2021-02-01,2021,2,2021,Pasajeros,15,34.7,775296,4409610,5,0,0,51686.4,5.6876470406141655,50.17,0.6015640665731015
2021-03-01,2021,3,2021,Pasajeros,15,40.0,649717,3470465,6,0,0,43314.46666666667,5.341502531102003,51.15,1.953358580825193
2021-04-01,2021,4,2021,Pasajeros,15,48.2,889220,4881629,7,0,0,59281.333333333336,5.489787679089539,52.71,3.0498533724340193
2021-05-01,2021,5,2021,Pasajeros,16,41.6,491301,4401481,8,0,0,30706.3125,8.958827684047051,52.7,-0.018971732119144047
2021-06-01,2021,6,2021,Pasajeros,13,38.5,506699,3174940,9,0,0,38976.846153846156,6.265929082157257,53.39,1.3092979127134585
2021-07-01,2021,7,2021,Pasajeros,15,40.3,447966,3024845,10,0,0,29864.4,6.75239861953809,52.94,-0.8428544671286842
2021-08-01,2021,8,2021,Pasajeros,14,37.5,740589,4568204,11,0,0,52899.21428571428,6.168338984240922,52.97,0.05666792595391268
2021-09-01,2021,9,2021,Pasajeros,14,35.4,550244,4687502,12,0,0,39303.142857142855,8.51895159238447,52.57,-0.7551444213705794
2021-10-01,2021,10,2022,Pasajeros,15,45.3,661831,4411632,1,0,0,44122.066666666666,6.665798368465666,53.44,1.6549362754422647
2021-11-01,2021,11,2022,Pasajeros,13,41.9,530096,3639275,2,0,0,40776.61538461538,6.865313075367481,53.49,0.09356287425150711
2021-12-01,2021,12,2022,Pasajeros,14,33.6,527757,4047000,3,0,0,37696.92857142857,7.668301888937522,54.78,2.4116657319125157
2022-01-01,2022,1,2022,Pasajeros,14,39.0,641427,3964233,4,0,0,45816.21428571428,6.180333849370232,56.59,3.3041255932822144
2022-02-01,2022,2,2022,Pasajeros,16,37.8,809320,4550792,5,0,0,50582.5,5.622982256709336,58.08,2.63297402367908
2022-03-01,2022,3,2022,Pasajeros,15,43.0,907055,5376290,6,0,0,60470.333333333336,5.9271929486084085,56.9,-2.031680440771344
2022-04-01,2022,4,2022,Pasajeros,14,40.3,666625,3476185,7,0,0,47616.07142857143,5.214603412713295,57.99,1.9156414762741658
2022-05-01,2022,5,2022,Pasajeros,15,41.5,600167,4214013,8,0,0,40011.13333333333,7.021400710135679,59.67,2.8970512157268535
2022-06-01,2022,6,2022,Pasajeros,14,41.6,693331,4948286,9,0,0,49523.642857142855,7.13697498020426,61.6,3.2344561756326495
2022-07-01,2022,7,2022,Pasajeros,13,41.4,783947,3882412,10,0,0,60303.61538461538,4.952390914181699,59.26,-3.7987012987013014
2022-08-01,2022,8,2022,Pasajeros,13,41.8,390393,4608405,11,0,0,30030.23076923077,11.804527745118381,57.95,-2.210597367532896
2022-09-01,2022,9,2022,Pasajeros,13,33.5,609642,3596606,12,0,0,46895.53846153846,5.899537761505933,56.23,-2.968075927523739
2022-10-01,2022,10,2023,Pasajeros,13,31.0,565160,3555344,1,0,0,43473.846153846156,6.290862764526859,54.7,-2.7209674550951357
2022-11-01,2022,11,2023,Pasajeros,15,32.0,473120,4326174,2,0,0,31541.333333333332,9.14392543118025,54.75,0.0914076782449591
2022-12-01,2022,12,2023,Pasajeros,14,38.5,475897,3568112,3,0,0,33992.642857142855,7.497656005396125,53.27,-2.7031963470319553
2023-01-01,2023,1,2023,Pasajeros,15,37.1,720356,4471523,4,0,0,48023.73333333333,6.207379406848836,53.25,-0.037544584193738295
2023-02-01,2023,2,2023,Pasajeros,16,39.9,756232,5174089,5,0,0,47264.5,6.84193342783696,53.81,1.0516431924882719
2023-03-01,2023,3,2023,Pasajeros,16,41.8,690890,3446367,6,0,0,43180.625,4.988300597779675,53.43,-0.7061884408102626
2023-04-01,2023,4,2023,Pasajeros,16,39.5,590376,4561021,7,0,0,36898.5,7.725620621434476,53.36,-0.13101253977166882
2023-05-01,2023,5,2023,Pasajeros,14,37.7,753109,4272125,8,0,0,53793.5,5.672651634756722,53.43,0.1311844077960922
2023-06-01,2023,6,2023,Pasajeros,10,38.8,301827,2669720,9,1,0,30182.7,8.84519940230662,53.47,0.07486430844094727
2023-07-01,2023,7,2023,Pasajeros,9,41.7,446663,2551666,10,1,0,49629.22222222222,5.712731970187815,52.69,-1.4587619225734039
2023-08-01,2023,8,2023,Pasajeros,9,35.2,328357,1861777,11,1,0,36484.11111111111,5.669978103101198,52.74,0.09489466691972037
2023-09-01,2023,9,2023,Pasajeros,10,28.3,545224,1580946,12,1,0,54522.4,2.8996265754992443,53.6,1.630640879787637
2023-10-01,2023,10,2024,Pasajeros,8,37.4,373779,1912150,1,1,0,46722.375,5.115723462259784,52.6,-1.8656716417910446
2023-11-01,2023,11,2024,Pasajeros,10,43.9,457029,2956804,2,1,0,45702.9,6.4696200897536045,53.14,1.0266159695817567
2023-12-01,2023,12,2024,Pasajeros,11,38.4,505009,3404208,3,1,0,45909.90909090909,6.7408858059955366,53.22,0.15054572826496138
2024-01-01,2024,1,2024,Pasajeros,10,39.0,454519,2285547,4,1,0,45451.9,5.028496058470603,52.81,-0.7703870725291218
2024-02-01,2024,2,2024,Pasajeros,13,40.8,635895,3505211,5,1,0,48915.0,5.51224809127293,54.08,2.4048475667487246
2024-03-01,2024,3,2024,Pasajeros,11,35.7,514738,3344422,6,1,0,46794.36363636364,6.497328738115313,54.57,0.9060650887573907
2024-04-01,2024,4,2024,Pasajeros,11,40.1,510224,2263222,7,1,0,46384.0,4.435741948634325,53.79,-1.4293567894447468
2024-05-01,2024,5,2024,Pasajeros,11,46.3,413733,2620664,8,1,0,37612.09090909091,6.334191374630499,53.84,0.0929540806841489
2024-06-01,2024,6,2024,Pasajeros,15,43.6,690224,2361732,9,0,0,46014.933333333334,3.421689190755465,54.21,0.6872213967310525
2024-07-01,2024,7,2024,Pasajeros,15,40.2,734534,4419799,10,0,0,48968.933333333334,6.0171469258060215,54.09,-0.22136137244050946
2024-08-01,2024,8,2024,Pasajeros,13,40.8,461740,2503050,11,0,0,35518.46153846154,5.42090787023,54.53,0.813459049731935
2024-09-01,2024,9,2024,Pasajeros,12,41.2,454803,2803277,12,0,0,37900.25,6.163717037926311,54.48,-0.09169264624977469
2024-10-01,2024,10,2025,Pasajeros,13,40.4,559767,3141833,1,0,0,43059.0,5.61275137691218,54.92,0.8076358296622788
2024-11-01,2024,11,2025,Pasajeros,14,42.3,528346,3940429,2,0,0,37739.0,7.458046431694382,55.87,1.7297887836853487
2024-12-01,2024,12,2025,Pasajeros,15,43.2,689848,3848090,3,0,0,45989.86666666667,5.578170843432177,55.42,-0.8054412027921898
2025-01-01,2025,1,2025,Pasajeros,17,31.7,817909,4501574,4,0,1,48112.294117647056,5.503758975631763,55.25,-0.30674846625766694
2025-02-01,2025,2,2025,Pasajeros,19,42.9,610555,4694746,5,0,1,32134.473684210527,7.689308907469433,54.72,-0.959276018099553
2025-03-01,2025,3,2025,Pasajeros,19,40.0,1028311,6237643,6,0,1,54121.63157894737,6.065910993853027,54.52,-0.36549707602338
2025-04-01,2025,4,2025,Pasajeros,18,41.9,775495,5303150,7,0,1,43083.055555555555,6.8384064371788345,53.6,-1.6874541452677971
2025-05-01,2025,5,2025,Pasajeros,18,35.4,789638,5088639,8,0,1,43868.77777777778,6.444268132992587,53.02,-1.0820895522388074
2025-06-01,2025,6,2025,Pasajeros,15,40.5,804481,3481447,9,0,1,53632.066666666666,4.3275689543941995,52.65,-0.6978498679743539
2025-07-01,2025,7,2025,Pasajeros,16,37.9,860847,4912388,10,0,1,53802.9375,5.70645887132092,52.86,0.39886039886039004
2025-08-01,2025,8,2025,Pasajeros,17,36.0,832084,4686877,11,0,1,48946.117647058825,5.632696939251326,53.2,0.6432084752175715
2025-09-01,2025,9,2025,Pasajeros,15,32.4,689037,2854303,12,0,1,45935.8,4.142452437242122,52.23,-1.8233082706767045
2025-10-01,2025,10,2026,Pasajeros,16,31.1,765742,5724542,1,0,1,47858.875,7.475810390444823,51.55,-1.301933754547191
2025-11-01,2025,11,2026,Pasajeros,16,29.9,447594,3828404,2,0,1,27974.625,8.553296067418241,51.63,0.15518913676044743
2025-12-01,2025,12,2026,Pasajeros,17,49.6,698986,4238805,3,0,1,41116.82352941176,6.064220170361066,50.34,-2.498547356188263
2019-10-01,2019,10,2020,Portacontenedores,227,35.8,11577819,72100327,1,0,0,51003.60792951542,6.227453288050193,60.0,0.0
2019-11-01,2019,11,2020,Portacontenedores,240,42.2,9522221,69428748,2,0,0,39675.92083333333,7.291234681488699,60.0,0.0
2019-12-01,2019,12,2020,Portacontenedores,246,37.4,10355510,65123699,3,0,0,42095.56910569106,6.28879688204637,60.0,0.0
2020-01-01,2020,1,2020,Portacontenedores,234,40.7,10941833,78241995,4,0,0,46759.970085470086,7.150720998940488,59.1,-1.5000000000000013
2020-02-01,2020,2,2020,Portacontenedores,241,37.1,14948689,59561832,5,0,0,62027.75518672199,3.9844184329475314,58.57,-0.8967851099830781
2020-03-01,2020,3,2020,Portacontenedores,264,45.6,12071315,80719993,6,0,0,45724.67803030303,6.6869262379450785,57.37,-2.048830459279505
2020-04-01,2020,4,2020,Portacontenedores,243,39.6,7517976,53780320,7,0,0,30938.172839506173,7.153563671924465,55.49,-3.2769740282377446
2020-05-01,2020,5,2020,Portacontenedores,256,33.0,13419394,76333264,8,0,0,52419.5078125,5.688279515453529,54.15,-2.4148495224364797
2020-06-01,2020,6,2020,Portacontenedores,251,39.2,13646864,77818724,9,0,0,54369.97609561753,5.7023154916763295,52.26,-3.4903047091412787
2020-07-01,2020,7,2020,Portacontenedores,228,41.5,12083679,54186150,10,0,0,52998.59210526316,4.484242754214176,51.54,-1.3777267508610747
2020-08-01,2020,8,2020,Portacontenedores,220,40.8,11344130,58135077,11,0,0,51564.22727272727,5.124683602885369,52.15,1.1835467597982152
2020-09-01,2020,9,2020,Portacontenedores,218,41.3,10441191,72556169,12,0,0,47895.37155963303,6.949031868107767,50.85,-2.4928092042185934
2020-10-01,2020,10,2021,Portacontenedores,226,45.7,10335468,68530224,1,0,0,45732.1592920354,6.630587410265312,49.46,-2.7335299901671606
2020-11-01,2020,11,2021,Portacontenedores,216,36.4,12028235,58826787,2,0,0,55686.273148148146,4.890724782148005,49.2,-0.5256773150020155
2020-12-01,2020,12,2021,Portacontenedores,238,41.3,10807374,59352104,3,0,0,45409.13445378151,5.49181549560513,48.82,-0.7723577235772439
2021-01-01,2021,1,2021,Portacontenedores,257,37.7,14185263,65508400,4,0,0,55195.57587548638,4.61806030667179,49.87,2.1507578861122534
2021-02-01,2021,2,2021,Portacontenedores,233,42.8,14311204,66842670,5,0,0,61421.476394849786,4.670653147002866,50.17,0.6015640665731015
2021-03-01,2021,3,2021,Portacontenedores,271,42.5,14908739,70228859,6,0,0,55013.79704797048,4.710583437002955,51.15,1.953358580825193
2021-04-01,2021,4,2021,Portacontenedores,255,44.5,6822294,56134285,7,0,0,26754.09411764706,8.228065955527569,52.71,3.0498533724340193
2021-05-01,2021,5,2021,Portacontenedores,268,42.5,13646590,81867635,8,0,0,50920.111940298506,5.999127620892838,52.7,-0.018971732119144047
2021-06-01,2021,6,2021,Portacontenedores,227,35.7,10840802,67003862,9,0,0,47756.837004405286,6.180710799809829,53.39,1.3092979127134585
2021-07-01,2021,7,2021,Portacontenedores,256,40.1,15111559,70724621,10,0,0,59029.52734375,4.680167082694777,52.94,-0.8428544671286842
2021-08-01,2021,8,2021,Portacontenedores,226,43.8,8161122,52685376,11,0,0,36111.1592920354,6.455653524111023,52.97,0.05666792595391268
2021-09-01,2021,9,2021,Portacontenedores,216,36.5,9926022,55542678,12,0,0,45953.805555555555,5.595663398690835,52.57,-0.7551444213705794
2021-10-01,2021,10,2022,Portacontenedores,245,40.5,9060405,67524670,1,0,0,36981.244897959186,7.452720932452799,53.44,1.6549362754422647
2021-11-01,2021,11,2022,Portacontenedores,229,37.1,9545685,69926619,2,0,0,41684.213973799124,7.325468942249823,53.49,0.09356287425150711
2021-12-01,2021,12,2022,Portacontenedores,226,43.9,11433007,64201410,3,0,0,50588.52654867257,5.6154439510095635,54.78,2.4116657319125157
2022-01-01,2022,1,2022,Portacontenedores,253,39.4,12260571,71466594,4,0,0,48460.754940711464,5.828977622657216,56.59,3.3041255932822144
2022-02-01,2022,2,2022,Portacontenedores,263,40.0,10257392,71159075,5,0,0,39001.49049429658,6.937345769762918,58.08,2.63297402367908
2022-03-01,2022,3,2022,Portacontenedores,240,38.5,10311152,52729673,6,0,0,42963.13333333333,5.113848869651034,56.9,-2.031680440771344
2022-04-01,2022,4,2022,Portacontenedores,236,38.1,11413388,65113375,7,0,0,48361.813559322036,5.704999689837934,57.99,1.9156414762741658
2022-05-01,2022,5,2022,Portacontenedores,268,36.0,15669608,69347931,8,0,0,58468.68656716418,4.425632791834997,59.67,2.8970512157268535
2022-06-01,2022,6,2022,Portacontenedores,257,31.3,7424005,80141221,9,0,0,28887.178988326847,10.794877023924418,61.6,3.2344561756326495
2022-07-01,2022,7,2022,Portacontenedores,219,37.8,9816021,47629133,10,0,0,44822.01369863014,4.8521832828189755,59.26,-3.7987012987013014
2022-08-01,2022,8,2022,Portacontenedores,218,43.7,6787283,68556640,11,0,0,31134.325688073393,10.1007487090195,57.95,-2.210597367532896
2022-09-01,2022,9,2022,Portacontenedores,236,38.7,10234716,61438770,12,0,0,43367.4406779661,6.002977513005734,56.23,-2.968075927523739
2022-10-01,2022,10,2023,Portacontenedores,214,41.4,7249146,72235318,1,0,0,33874.51401869159,9.964665906853028,54.7,-2.7209674550951357
2022-11-01,2022,11,2023,Portacontenedores,236,42.3,10836335,69194667,2,0,0,45916.67372881356,6.385430775257502,54.75,0.0914076782449591
2022-12-01,2022,12,2023,Portacontenedores,221,29.0,9531066,60214684,3,0,0,43126.99547511312,6.317728153388089,53.27,-2.7031963470319553
2023-01-01,2023,1,2023,Portacontenedores,243,40.6,9347577,56892792,4,0,0,38467.39506172839,6.086367836285275,53.25,-0.037544584193738295
2023-02-01,2023,2,2023,Portacontenedores,255,44.5,14054661,56898010,5,0,0,55116.31764705882,4.048337416320464,53.81,1.0516431924882719
2023-03-01,2023,3,2023,Portacontenedores,236,42.0,6062164,72200839,6,0,0,25687.13559322034,11.910076830649913,53.43,-0.7061884408102626
2023-04-01,2023,4,2023,Portacontenedores,233,35.9,9482519,76688881,7,0,0,40697.50643776824,8.08739544840353,53.36,-0.13101253977166882
2023-05-01,2023,5,2023,Portacontenedores,265,34.4,10520073,94583229,8,0,0,39698.38867924528,8.990738847534613,53.43,0.1311844077960922
2023-06-01,2023,6,2023,Portacontenedores,160,36.9,6393494,38034208,9,1,0,39959.3375,5.948892420951673,53.47,0.07486430844094727
2023-07-01,2023,7,2023,Portacontenedores,165,41.8,7023156,43496317,10,1,0,42564.58181818182,6.193272226901979,52.69,-1.4587619225734039
2023-08-01,2023,8,2023,Portacontenedores,155,40.0,8064902,34116286,11,1,0,52031.625806451615,4.230217056574277,52.74,0.09489466691972037
2023-09-01,2023,9,2023,Portacontenedores,165,45.7,6822010,46869553,12,1,0,41345.51515151515,6.870343637725538,53.6,1.630640879787637
2023-10-01,2023,10,2024,Portacontenedores,150,44.1,4444194,48773946,1,1,0,29627.96,10.974756277516239,52.6,-1.8656716417910446
2023-11-01,2023,11,2024,Portacontenedores,167,37.4,7153086,45182650,2,1,0,42832.850299401194,6.316525482847543,53.14,1.0266159695817567
2023-12-01,2023,12,2024,Portacontenedores,168,37.3,8143309,48732461,3,1,0,48472.07738095238,5.984356113712497,53.22,0.15054572826496138
2024-01-01,2024,1,2024,Portacontenedores,205,42.6,12367969,51139797,4,1,0,60331.55609756098,4.134858116154722,52.81,-0.7703870725291218
2024-02-01,2024,2,2024,Portacontenedores,205,41.5,7332973,58699274,5,1,0,35770.6,8.004839783263895,54.08,2.4048475667487246
2024-03-01,2024,3,2024,Portacontenedores,208,40.2,8013614,58803024,6,1,0,38526.99038461538,7.337890744425674,54.57,0.9060650887573907
2024-04-01,2024,4,2024,Portacontenedores,193,36.2,10693988,58930014,7,1,0,55409.26424870466,5.510574165596595,53.79,-1.4293567894447468
2024-05-01,2024,5,2024,Portacontenedores,188,39.3,8596563,57188032,8,1,0,45726.39893617021,6.6524298141012865,53.84,0.0929540806841489
2024-06-01,2024,6,2024,Portacontenedores,257,36.8,8699609,81649862,9,0,0,33850.6186770428,9.385463415654657,54.21,0.6872213967310525
2024-07-01,2024,7,2024,Portacontenedores,247,40.1,13298362,71896351,10,0,0,53839.52226720648,5.4064065183366194,54.09,-0.22136137244050946
2024-08-01,2024,8,2024,Portacontenedores,228,45.0,12339821,63946853,11,0,0,54122.021929824565,5.182154019900288,54.53,0.813459049731935
2024-09-01,2024,9,2024,Portacontenedores,241,36.0,10165833,72110422,12,0,0,42181.87966804979,7.093410053066974,54.48,-0.09169264624977469
2024-10-01,2024,10,2025,Portacontenedores,217,43.9,10253116,54705203,1,0,0,47249.38248847926,5.335470992428058,54.92,0.8076358296622788
2024-11-01,2024,11,2025,Portacontenedores,231,42.3,8599448,71514758,2,0,0,37227.04761904762,8.316203319096761,55.87,1.7297887836853487
2024-12-01,2024,12,2025,Portacontenedores,266,36.5,12432713,74098824,3,0,0,46739.52255639098,5.959988298611896,55.42,-0.8054412027921898
2025-01-01,2025,1,2025,Portacontenedores,290,47.1,12553991,60314447,4,0,1,43289.62413793104,4.804404193057013,55.25,-0.30674846625766694
2025-02-01,2025,2,2025,Portacontenedores,309,40.2,17188203,107314261,5,0,1,55625.25242718447,6.243483451993208,54.72,-0.959276018099553
2025-03-01,2025,3,2025,Portacontenedores,295,45.6,13067707,85015538,6,0,1,44297.31186440678,6.505773201067333,54.52,-0.36549707602338
2025-04-01,2025,4,2025,Portacontenedores,313,39.6,11657625,75660404,7,0,1,37244.80830670927,6.490207396446531,53.6,-1.6874541452677971
2025-05-01,2025,5,2025,Portacontenedores,316,39.1,16736964,79756939,8,0,1,52965.07594936709,4.765316995364273,53.02,-1.0820895522388074
2025-06-01,2025,6,2025,Portacontenedores,286,45.2,8901208,82135158,9,0,1,31123.104895104894,9.227416997782774,52.65,-0.6978498679743539
2025-07-01,2025,7,2025,Portacontenedores,260,33.5,10590279,82046924,10,0,1,40731.842307692306,7.747380781941628,52.86,0.39886039886039004
2025-08-01,2025,8,2025,Portacontenedores,259,43.9,13466503,62347413,11,0,1,51994.220077220074,4.6298146593811325,53.2,0.6432084752175715
2025-09-01,2025,9,2025,Portacontenedores,257,44.4,12758294,79483041,12,0,1,49643.167315175095,6.229911381568727,52.23,-1.8233082706767045
2025-10-01,2025,10,2026,Portacontenedores,268,43.6,13673110,87269513,1,0,1,51019.067164179105,6.382564976073476,51.55,-1.301933754547191
2025-11-01,2025,11,2026,Portacontenedores,260,40.9,9052258,66097660,2,0,1,34816.376923076925,7.301787023745899,51.63,0.15518913676044743
2025-12-01,2025,12,2026,Portacontenedores,261,39.9,12380661,65393308,3,0,1,47435.48275862069,5.28189149190015,50.34,-2.498547356188263
2019-10-01,2019,10,2020,Quimiqueros,172,36.6,8950051,53511208,1,0,0,52035.18023255814,5.9788718522386075,60.0,0.0
2019-11-01,2019,11,2020,Quimiqueros,184,40.3,8705583,56166281,2,0,0,47312.95108695652,6.451754121464353,60.0,0.0
2019-12-01,2019,12,2020,Quimiqueros,190,41.8,9561385,52451510,3,0,0,50323.07894736842,5.4857648761136595,60.0,0.0
2020-01-01,2020,1,2020,Quimiqueros,185,36.3,7748081,41612522,4,0,0,41881.51891891892,5.370687528950717,59.1,-1.5000000000000013
2020-02-01,2020,2,2020,Quimiqueros,195,39.8,7753531,58079363,5,0,0,39761.69743589743,7.490698495949781,58.57,-0.8967851099830781
2020-03-01,2020,3,2020,Quimiqueros,189,38.7,9889844,42892471,6,0,0,52327.21693121693,4.337021999538112,57.37,-2.048830459279505
2020-04-01,2020,4,2020,Quimiqueros,232,35.3,9756529,68129635,7,0,0,42054.004310344826,6.982978782720781,55.49,-3.2769740282377446
2020-05-01,2020,5,2020,Quimiqueros,189,39.6,8124010,54073372,8,0,0,42984.17989417989,6.6559952535755125,54.15,-2.4148495224364797
2020-06-01,2020,6,2020,Quimiqueros,171,37.9,9762360,52240731,9,0,0,57089.82456140351,5.351239966565462,52.26,-3.4903047091412787
2020-07-01,2020,7,2020,Quimiqueros,179,43.4,8071362,59635357,10,0,0,45091.40782122905,7.3885122486142984,51.54,-1.3777267508610747
2020-08-01,2020,8,2020,Quimiqueros,151,34.8,5004520,28184958,11,0,0,33142.51655629139,5.631900362072686,52.15,1.1835467597982152
2020-09-01,2020,9,2020,Quimiqueros,181,41.5,7955112,53205137,12,0,0,43950.89502762431,6.688169443748875,50.85,-2.4928092042185934
2020-10-01,2020,10,2021,Quimiqueros,163,42.7,8750214,48029784,1,0,0,53682.294478527605,5.488983926564539,49.46,-2.7335299901671606
2020-11-01,2020,11,2021,Quimiqueros,180,46.3,7579050,43623920,2,0,0,42105.833333333336,5.7558559450063,49.2,-0.5256773150020155
2020-12-01,2020,12,2021,Quimiqueros,191,40.8,6382261,52960630,3,0,0,33414.97905759162,8.298098432514747,48.82,-0.7723577235772439
2021-01-01,2021,1,2021,Quimiqueros,172,42.2,6316792,49778699,4,0,0,36725.53488372093,7.880376463242735,49.87,2.1507578861122534
2021-02-01,2021,2,2021,Quimiqueros,199,38.4,11896737,54333585,5,0,0,59782.59798994975,4.567099785428559,50.17,0.6015640665731015
2021-03-01,2021,3,2021,Quimiqueros,194,38.3,9217447,52412890,6,0,0,47512.613402061856,5.686269744756872,51.15,1.953358580825193
2021-04-01,2021,4,2021,Quimiqueros,184,35.5,8939181,51948899,7,0,0,48582.50543478261,5.8113711983234255,52.71,3.0498533724340193
2021-05-01,2021,5,2021,Quimiqueros,177,46.7,10413257,59183281,8,0,0,58831.9604519774,5.68345533006628,52.7,-0.018971732119144047
2021-06-01,2021,6,2021,Quimiqueros,181,40.9,7852383,46496046,9,0,0,43383.331491712706,5.921265684569894,53.39,1.3092979127134585
2021-07-01,2021,7,2021,Quimiqueros,170,43.9,7157907,44269698,10,0,0,42105.33529411765,6.184726624696298,52.94,-0.8428544671286842
2021-08-01,2021,8,2021,Quimiqueros,146,33.2,5597013,37622863,11,0,0,38335.70547945205,6.721953835018786,52.97,0.05666792595391268
2021-09-01,2021,9,2021,Quimiqueros,167,40.3,7523038,49754804,12,0,0,45048.13173652695,6.613658471484525,52.57,-0.7551444213705794
2021-10-01,2021,10,2022,Quimiqueros,181,40.1,7735511,49911242,1,0,0,42737.62983425414,6.452223001169541,53.44,1.6549362754422647
2021-11-01,2021,11,2022,Quimiqueros,185,41.5,6497476,62473055,2,0,0,35121.49189189189,9.614972798668283,53.49,0.09356287425150711
2021-12-01,2021,12,2022,Quimiqueros,174,41.8,6101476,47299682,3,0,0,35065.9540229885,7.7521704584267805,54.78,2.4116657319125157
2022-01-01,2022,1,2022,Quimiqueros,199,38.9,8006026,55787704,4,0,0,40231.28643216081,6.96821419265938,56.59,3.3041255932822144
2022-02-01,2022,2,2022,Quimiqueros,194,31.6,7342190,52278550,5,0,0,37846.34020618557,7.120293808795468,58.08,2.63297402367908
2022-03-01,2022,3,2022,Quimiqueros,194,38.5,6946435,39512907,6,0,0,35806.365979381444,5.688228134287588,56.9,-2.031680440771344
2022-04-01,2022,4,2022,Quimiqueros,224,41.2,11669072,58337865,7,0,0,52094.07142857143,4.999357703851686,57.99,1.9156414762741658
2022-05-01,2022,5,2022,Quimiqueros,190,33.8,10020294,64727624,8,0,0,52738.38947368421,6.459653179836839,59.67,2.8970512157268535
2022-06-01,2022,6,2022,Quimiqueros,207,43.3,9596034,54324633,9,0,0,46357.65217391304,5.661154702036279,61.6,3.2344561756326495
2022-07-01,2022,7,2022,Quimiqueros,176,43.0,5275791,41713647,10,0,0,29976.085227272728,7.90661476165375,59.26,-3.7987012987013014
2022-08-01,2022,8,2022,Quimiqueros,185,43.8,6083162,57935495,11,0,0,32881.95675675676,9.523911248788048,57.95,-2.210597367532896
2022-09-01,2022,9,2022,Quimiqueros,170,42.1,7080365,62762176,12,0,0,41649.205882352944,8.864257139285899,56.23,-2.968075927523739
2022-10-01,2022,10,2023,Quimiqueros,169,37.6,7164863,50766912,1,0,0,42395.63905325444,7.0855384115509255,54.7,-2.7209674550951357
2022-11-01,2022,11,2023,Quimiqueros,181,40.7,7252607,50515758,2,0,0,40069.65193370166,6.9651861737441445,54.75,0.0914076782449591
2022-12-01,2022,12,2023,Quimiqueros,161,42.5,7960303,47072481,3,0,0,49442.875776397515,5.913403170708452,53.27,-2.7031963470319553
2023-01-01,2023,1,2023,Quimiqueros,200,33.7,9040205,54240513,4,0,0,45201.025,5.999920687639274,53.25,-0.037544584193738295
2023-02-01,2023,2,2023,Quimiqueros,195,38.5,9224621,52631481,5,0,0,47305.748717948714,5.705544000127485,53.81,1.0516431924882719
2023-03-01,2023,3,2023,Quimiqueros,197,37.2,8066594,65190316,6,0,0,40947.17766497462,8.081516932673194,53.43,-0.7061884408102626
2023-04-01,2023,4,2023,Quimiqueros,196,43.5,7981415,42551378,7,0,0,40721.505102040814,5.331307543837778,53.36,-0.13101253977166882
2023-05-01,2023,5,2023,Quimiqueros,193,40.2,8544695,53801972,8,0,0,44273.0310880829,6.296535101603978,53.43,0.1311844077960922
2023-06-01,2023,6,2023,Quimiqueros,125,51.2,5173615,35360088,9,1,0,41388.92,6.834696435664425,53.47,0.07486430844094727
2023-07-01,2023,7,2023,Quimiqueros,128,43.8,3760316,25733970,10,1,0,29377.46875,6.843565806703479,52.69,-1.4587619225734039
2023-08-01,2023,8,2023,Quimiqueros,121,42.6,4823986,34999404,11,1,0,39867.652892561986,7.255287225128763,52.74,0.09489466691972037
2023-09-01,2023,9,2023,Quimiqueros,111,42.2,5904767,27602681,12,1,0,53196.0990990991,4.674643554944675,53.6,1.630640879787637
2023-10-01,2023,10,2024,Quimiqueros,130,42.9,4062072,34301320,1,1,0,31246.707692307693,8.444291484739807,52.6,-1.8656716417910446
2023-11-01,2023,11,2024,Quimiqueros,124,43.2,5346052,33198781,2,1,0,43113.32258064516,6.209962230071836,53.14,1.0266159695817567
2023-12-01,2023,12,2024,Quimiqueros,142,42.5,4953480,49854398,3,1,0,34883.66197183099,10.064519893085265,53.22,0.15054572826496138
2024-01-01,2024,1,2024,Quimiqueros,150,35.5,7670240,34651771,4,1,0,51134.933333333334,4.517690580738021,52.81,-0.7703870725291218
2024-02-01,2024,2,2024,Quimiqueros,148,41.9,6891003,45166071,5,1,0,46560.83108108108,6.554353698583501,54.08,2.4048475667487246
2024-03-01,2024,3,2024,Quimiqueros,159,44.3,7279658,59388694,6,1,0,45784.012578616355,8.158170892094107,54.57,0.9060650887573907
2024-04-01,2024,4,2024,Quimiqueros,147,37.5,5614436,34823810,7,1,0,38193.44217687075,6.20254821677547,53.79,-1.4293567894447468
2024-05-01,2024,5,2024,Quimiqueros,155,38.3,7955087,49473429,8,1,0,51323.14193548387,6.219093392693254,53.84,0.0929540806841489
2024-06-01,2024,6,2024,Quimiqueros,184,44.7,6754151,50897933,9,0,0,36707.342391304344,7.535800280449756,54.21,0.6872213967310525
2024-07-01,2024,7,2024,Quimiqueros,187,33.7,9083205,60898276,10,0,0,48573.28877005348,6.704492081814734,54.09,-0.22136137244050946
2024-08-01,2024,8,2024,Quimiqueros,173,44.0,6536478,37696648,11,0,0,37783.10982658959,5.767119234548024,54.53,0.813459049731935
2024-09-01,2024,9,2024,Quimiqueros,161,43.2,5827348,43544469,12,0,0,36194.70807453416,7.472433257804408,54.48,-0.09169264624977469
2024-10-01,2024,10,2025,Quimiqueros,147,37.9,5555383,50424984,1,0,0,37791.72108843538,9.07677904475713,54.92,0.8076358296622788
2024-11-01,2024,11,2025,Quimiqueros,185,43.3,7533071,48816596,2,0,0,40719.302702702706,6.480304778754906,55.87,1.7297887836853487
2024-12-01,2024,12,2025,Quimiqueros,200,40.0,10304505,50385864,3,0,0,51522.525,4.889692809116013,55.42,-0.8054412027921898
2025-01-01,2025,1,2025,Quimiqueros,241,37.8,13058838,72706762,4,0,1,54186.04979253112,5.567628758393358,55.25,-0.30674846625766694
2025-02-01,2025,2,2025,Quimiqueros,208,41.9,13142258,63564268,5,0,1,63183.932692307695,4.8366321829932115,54.72,-0.959276018099553
2025-03-01,2025,3,2025,Quimiqueros,247,34.7,7818963,77298362,6,0,1,31655.72064777328,9.886011994173652,54.52,-0.36549707602338
2025-04-01,2025,4,2025,Quimiqueros,237,49.6,8660194,48368718,7,0,1,36540.9029535865,5.585177191180706,53.6,-1.6874541452677971
2025-05-01,2025,5,2025,Quimiqueros,244,32.4,8482422,58247365,8,0,1,34764.024590163935,6.8668317846011435,53.02,-1.0820895522388074
2025-06-01,2025,6,2025,Quimiqueros,242,34.9,8625635,55157273,9,0,1,35643.11983471074,6.394575355901334,52.65,-0.6978498679743539
2025-07-01,2025,7,2025,Quimiqueros,219,43.1,11550454,66371965,10,0,1,52741.799086757994,5.746264605702945,52.86,0.39886039886039004
2025-08-01,2025,8,2025,Quimiqueros,206,34.5,8224622,54677109,11,0,1,39925.34951456311,6.647978350859164,53.2,0.6432084752175715
2025-09-01,2025,9,2025,Quimiqueros,210,43.9,9189381,70819719,12,0,1,43758.95714285714,7.706690907690083,52.23,-1.8233082706767045
2025-10-01,2025,10,2026,Quimiqueros,198,38.7,7614987,58779205,1,0,1,38459.530303030304,7.718884483978765,51.55,-1.301933754547191
2025-11-01,2025,11,2026,Quimiqueros,192,38.8,7493965,60439109,2,0,1,39031.067708333336,8.065037533535317,51.63,0.15518913676044743
2025-12-01,2025,12,2026,Quimiqueros,244,39.9,12986760,67799763,3,0,1,53224.42622950819,5.220683449913604,50.34,-2.498547356188263
2019-10-01,2019,10,2020,Tanqueros,112,44.5,5458888,27510369,1,0,0,48740.07142857143,5.039555491887725,60.0,0.0
2019-11-01,2019,11,2020,Tanqueros,105,38.7,4329886,26716713,2,0,0,41237.009523809524,6.170304021861083,60.0,0.0
2019-12-01,2019,12,2020,Tanqueros,116,39.7,3654153,25765398,3,0,0,31501.318965517243,7.050990475768256,60.0,0.0
2020-01-01,2020,1,2020,Tanqueros,129,39.1,4287127,30879611,4,0,0,33233.542635658916,7.202868261192169,59.1,-1.5000000000000013
2020-02-01,2020,2,2020,Tanqueros,124,35.1,4312285,35576036,5,0,0,34776.49193548387,8.249926894906064,58.57,-0.8967851099830781
2020-03-01,2020,3,2020,Tanqueros,129,38.1,5466841,41294230,6,0,0,42378.61240310078,7.553581675413644,57.37,-2.048830459279505
2020-04-01,2020,4,2020,Tanqueros,141,36.1,6068326,43864183,7,0,0,43037.77304964539,7.228382753332633,55.49,-3.2769740282377446
2020-05-01,2020,5,2020,Tanqueros,135,29.7,5819201,38753167,8,0,0,43105.19259259259,6.6595340150649545,54.15,-2.4148495224364797
2020-06-01,2020,6,2020,Tanqueros,114,35.9,5159897,26372485,9,0,0,45262.254385964916,5.111048728298258,52.26,-3.4903047091412787
2020-07-01,2020,7,2020,Tanqueros,121,43.4,5981384,45145841,10,0,0,49432.925619834714,7.547724907813977,51.54,-1.3777267508610747
2020-08-01,2020,8,2020,Tanqueros,107,43.0,4571139,30806541,11,0,0,42720.92523364486,6.739357739941839,52.15,1.1835467597982152
2020-09-01,2020,9,2020,Tanqueros,123,48.3,5603271,35228137,12,0,0,45555.04878048781,6.287066429590858,50.85,-2.4928092042185934
2020-10-01,2020,10,2021,Tanqueros,109,41.8,4635837,34598985,1,0,0,42530.61467889908,7.463373927944404,49.46,-2.7335299901671606
2020-11-01,2020,11,2021,Tanqueros,112,41.8,3637079,34215869,2,0,0,32473.91964285714,9.407513281949608,49.2,-0.5256773150020155
2020-12-01,2020,12,2021,Tanqueros,121,36.4,5628768,26838659,3,0,0,46518.74380165289,4.768123148795616,48.82,-0.7723577235772439
2021-01-01,2021,1,2021,Tanqueros,114,41.8,4394381,26071185,4,0,0,38547.20175438596,5.932845831984072,49.87,2.1507578861122534
2021-02-01,2021,2,2021,Tanqueros,141,35.6,7007428,41281417,5,0,0,49698.07092198582,5.891093993402429,50.17,0.6015640665731015
2021-03-01,2021,3,2021,Tanqueros,137,31.0,5258931,34072358,6,0,0,38386.357664233576,6.47895133060312,51.15,1.953358580825193
2021-04-01,2021,4,2021,Tanqueros,132,39.2,6233719,37794868,7,0,0,47225.143939393936,6.06297268131592,52.71,3.0498533724340193
2021-05-01,2021,5,2021,Tanqueros,126,45.4,5682149,36302098,8,0,0,45096.420634920636,6.388797266667946,52.7,-0.018971732119144047
2021-06-01,2021,6,2021,Tanqueros,121,38.0,4837032,35387431,9,0,0,39975.47107438016,7.3159389890329445,53.39,1.3092979127134585
2021-07-01,2021,7,2021,Tanqueros,121,40.1,5714661,33947688,10,0,0,47228.603305785124,5.94045526060076,52.94,-0.8428544671286842
2021-08-01,2021,8,2021,Tanqueros,108,40.2,4590651,34773147,11,0,0,42506.02777777778,7.5747746888186445,52.97,0.05666792595391268
2021-09-01,2021,9,2021,Tanqueros,118,46.6,5602281,35822661,12,0,0,47476.957627118645,6.39429921490907,52.57,-0.7551444213705794
2021-10-01,2021,10,2022,Tanqueros,113,42.5,4181260,26932023,1,0,0,37002.30088495575,6.44112611987774,53.44,1.6549362754422647
2021-11-01,2021,11,2022,Tanqueros,111,33.4,4067001,26546559,2,0,0,36639.64864864865,6.527305746912774,53.49,0.09356287425150711
2021-12-01,2021,12,2022,Tanqueros,120,49.8,4077776,40665669,3,0,0,33981.46666666667,9.972511731885223,54.78,2.4116657319125157
2022-01-01,2022,1,2022,Tanqueros,130,40.7,5167702,42776723,4,0,0,39751.553846153845,8.277706996262555,56.59,3.3041255932822144
2022-02-01,2022,2,2022,Tanqueros,123,45.5,5372701,40779145,5,0,0,43680.49593495935,7.590064103697563,58.08,2.63297402367908
2022-03-01,2022,3,2022,Tanqueros,128,36.0,5673113,27646946,6,0,0,44321.1953125,4.873328981812984,56.9,-2.031680440771344
2022-04-01,2022,4,2022,Tanqueros,126,37.1,2997077,28334833,7,0,0,23786.325396825396,9.454155832499465,57.99,1.9156414762741658
2022-05-01,2022,5,2022,Tanqueros,118,41.2,4625230,30073552,8,0,0,39196.86440677966,6.50206627562305,59.67,2.8970512157268535
2022-06-01,2022,6,2022,Tanqueros,117,31.5,5506151,36716860,9,0,0,47061.11965811966,6.668335103777575,61.6,3.2344561756326495
2022-07-01,2022,7,2022,Tanqueros,121,41.1,5843788,42879954,10,0,0,48295.76859504132,7.33769842437816,59.26,-3.7987012987013014
2022-08-01,2022,8,2022,Tanqueros,114,33.6,5107840,33582277,11,0,0,44805.61403508772,6.5746532780979825,57.95,-2.210597367532896
2022-09-01,2022,9,2022,Tanqueros,100,45.0,5594325,24591364,12,0,0,55943.25,4.395769641556399,56.23,-2.968075927523739
2022-10-01,2022,10,2023,Tanqueros,110,38.4,6241119,30297476,1,0,0,56737.44545454546,4.85449420208139,54.7,-2.7209674550951357
2022-11-01,2022,11,2023,Tanqueros,110,35.7,4638819,25942450,2,0,0,42171.08181818182,5.5924686865342235,54.75,0.0914076782449591
2022-12-01,2022,12,2023,Tanqueros,127,35.3,7755895,30686107,3,0,0,61070.03937007874,3.956488193819024,53.27,-2.7031963470319553
2023-01-01,2023,1,2023,Tanqueros,127,39.9,4238143,29147062,4,0,0,33371.20472440945,6.877319146616808,53.25,-0.037544584193738295
2023-02-01,2023,2,2023,Tanqueros,127,40.3,5026079,38263217,5,0,0,39575.425196850396,7.612935849197754,53.81,1.0516431924882719
2023-03-01,2023,3,2023,Tanqueros,133,38.5,5733421,28902617,6,0,0,43108.42857142857,5.041077046321908,53.43,-0.7061884408102626
2023-04-01,2023,4,2023,Tanqueros,117,37.9,4095879,34679792,7,0,0,35007.51282051282,8.466996217417556,53.36,-0.13101253977166882
2023-05-01,2023,5,2023,Tanqueros,123,34.2,5026753,38939950,8,0,0,40867.91056910569,7.746541355821542,53.43,0.1311844077960922
2023-06-01,2023,6,2023,Tanqueros,79,46.8,4262524,23058254,9,1,0,53956.0,5.409530597364379,53.47,0.07486430844094727
2023-07-01,2023,7,2023,Tanqueros,84,40.0,3894358,21967253,10,1,0,46361.40476190476,5.6407893162364635,52.69,-1.4587619225734039
2023-08-01,2023,8,2023,Tanqueros,78,42.7,3806479,19681166,11,1,0,48801.01282051282,5.170438612691677,52.74,0.09489466691972037
2023-09-01,2023,9,2023,Tanqueros,74,31.4,3172283,18998481,12,1,0,42868.68918918919,5.988898531436193,53.6,1.630640879787637
2023-10-01,2023,10,2024,Tanqueros,76,45.2,2599139,26156856,1,1,0,34199.19736842105,10.063661851097613,52.6,-1.8656716417910446
2023-11-01,2023,11,2024,Tanqueros,83,46.8,2845003,25795924,2,1,0,34277.14457831325,9.067099050510667,53.14,1.0266159695817567
2023-12-01,2023,12,2024,Tanqueros,89,40.0,5137235,25487100,3,1,0,57721.74157303371,4.961248609417323,53.22,0.15054572826496138
2024-01-01,2024,1,2024,Tanqueros,104,51.4,4984887,31545729,4,1,0,47931.605769230766,6.328273639903974,52.81,-0.7703870725291218
2024-02-01,2024,2,2024,Tanqueros,100,43.3,4575674,31138754,5,1,0,45756.74,6.805282456748448,54.08,2.4048475667487246
2024-03-01,2024,3,2024,Tanqueros,98,41.3,3783736,26062023,6,1,0,38609.551020408166,6.887907348715661,54.57,0.9060650887573907
2024-04-01,2024,4,2024,Tanqueros,98,35.1,4672673,27642657,7,1,0,47680.336734693876,5.915812426848615,53.79,-1.4293567894447468
2024-05-01,2024,5,2024,Tanqueros,104,47.1,3959141,29177816,8,1,0,38068.66346153846,7.369733990277184,53.84,0.0929540806841489
2024-06-01,2024,6,2024,Tanqueros,124,30.5,6605515,28855045,9,0,0,53270.282258064515,4.368326315207822,54.21,0.6872213967310525
2024-07-01,2024,7,2024,Tanqueros,123,38.3,6681305,39004492,10,0,0,54319.55284552846,5.837855329160995,54.09,-0.22136137244050946
2024-08-01,2024,8,2024,Tanqueros,113,39.9,4640647,32022668,11,0,0,41067.67256637168,6.90047486912924,54.53,0.813459049731935
2024-09-01,2024,9,2024,Tanqueros,109,46.4,4595703,19884871,12,0,0,42162.4128440367,4.326839876293137,54.48,-0.09169264624977469
2024-10-01,2024,10,2025,Tanqueros,100,34.2,5387975,33427052,1,0,0,53879.75,6.2040102264765515,54.92,0.8076358296622788
2024-11-01,2024,11,2025,Tanqueros,118,36.7,4922455,33462877,2,0,0,41715.720338983054,6.798005669935022,55.87,1.7297887836853487
2024-12-01,2024,12,2025,Tanqueros,125,37.0,6715659,46053204,3,0,0,53725.272,6.857585234747625,55.42,-0.8054412027921898
2025-01-01,2025,1,2025,Tanqueros,149,40.6,6496438,47952015,4,0,1,43600.25503355705,7.381278017276545,55.25,-0.30674846625766694
2025-02-01,2025,2,2025,Tanqueros,164,40.7,7283937,48421140,5,0,1,44414.25,6.647660461643202,54.72,-0.959276018099553
2025-03-01,2025,3,2025,Tanqueros,147,38.4,4431390,37167601,6,0,1,30145.51020408163,8.38734595691194,54.52,-0.36549707602338
2025-04-01,2025,4,2025,Tanqueros,163,36.7,7307998,41819813,7,0,1,44834.343558282206,5.722471872597667,53.6,-1.6874541452677971
2025-05-01,2025,5,2025,Tanqueros,146,38.5,8204191,46453394,8,0,1,56193.08904109589,5.6621541356119085,53.02,-1.0820895522388074
2025-06-01,2025,6,2025,Tanqueros,156,38.2,6988002,41166634,9,0,1,44794.88461538462,5.891044965356335,52.65,-0.6978498679743539
2025-07-01,2025,7,2025,Tanqueros,133,39.3,5530071,51256820,10,0,1,41579.48120300752,9.268745374155232,52.86,0.39886039886039004
2025-08-01,2025,8,2025,Tanqueros,128,37.9,5767380,33099491,11,0,1,45057.65625,5.739086205521398,53.2,0.6432084752175715
2025-09-01,2025,9,2025,Tanqueros,140,41.0,5379481,48022109,12,0,1,38424.864285714284,8.926903729188744,52.23,-1.8233082706767045
2025-10-01,2025,10,2026,Tanqueros,131,37.3,5200967,30337510,1,0,1,39702.03816793893,5.833051815172063,51.55,-1.301933754547191
2025-11-01,2025,11,2026,Tanqueros,145,44.2,5648945,24710707,2,0,1,38958.24137931035,4.374393271664001,51.63,0.15518913676044743
2025-12-01,2025,12,2026,Tanqueros,141,37.7,6479371,41273512,3,0,1,45952.985815602835,6.369987457115822,50.34,-2.498547356188263
2019-10-01,2019,10,2020,Vehiculos_RoRo,50,37.3,2739016,13690941,1,0,0,54780.32,4.998488873376425,60.0,0.0
2019-11-01,2019,11,2020,Vehiculos_RoRo,47,38.7,2176195,14262097,2,0,0,46302.02127659575,6.553685216628105,60.0,0.0
2019-12-01,2019,12,2020,Vehiculos_RoRo,53,45.2,2233944,16403533,3,0,0,42149.88679245283,7.342857743972096,60.0,0.0
2020-01-01,2020,1,2020,Vehiculos_RoRo,58,36.0,1620730,16861090,4,0,0,27943.620689655174,10.403392298532143,59.1,-1.5000000000000013
2020-02-01,2020,2,2020,Vehiculos_RoRo,63,40.9,2627892,20427847,5,0,0,41712.57142857143,7.773472806340595,58.57,-0.8967851099830781
2020-03-01,2020,3,2020,Vehiculos_RoRo,58,41.0,2691930,13724219,6,0,0,46412.58620689655,5.098282273313199,57.37,-2.048830459279505
2020-04-01,2020,4,2020,Vehiculos_RoRo,57,38.9,2670869,14693853,7,0,0,46857.350877192985,5.501525159039998,55.49,-3.2769740282377446
2020-05-01,2020,5,2020,Vehiculos_RoRo,63,33.9,3270369,16812116,8,0,0,51910.619047619046,5.1407397758479245,54.15,-2.4148495224364797
2020-06-01,2020,6,2020,Vehiculos_RoRo,47,41.2,2142084,13938113,9,0,0,45576.255319148935,6.506800386912931,52.26,-3.4903047091412787
2020-07-01,2020,7,2020,Vehiculos_RoRo,53,45.2,1705641,12186507,10,0,0,32181.905660377357,7.144825317871698,51.54,-1.3777267508610747
2020-08-01,2020,8,2020,Vehiculos_RoRo,51,36.7,2052484,11259705,11,0,0,40244.78431372549,5.485891729241251,52.15,1.1835467597982152
2020-09-01,2020,9,2020,Vehiculos_RoRo,51,36.7,1646456,10051113,12,0,0,32283.450980392157,6.104695782942271,50.85,-2.4928092042185934
2020-10-01,2020,10,2021,Vehiculos_RoRo,55,43.6,2158428,12094492,1,0,0,39244.145454545454,5.6033798671996475,49.46,-2.7335299901671606
2020-11-01,2020,11,2021,Vehiculos_RoRo,47,36.7,2208122,12823053,2,0,0,46981.31914893617,5.807221249550523,49.2,-0.5256773150020155
2020-12-01,2020,12,2021,Vehiculos_RoRo,47,35.4,2004539,11144389,3,0,0,42649.765957446805,5.559577039907929,48.82,-0.7723577235772439
2021-01-01,2021,1,2021,Vehiculos_RoRo,55,40.1,2593321,14036734,4,0,0,47151.29090909091,5.4126481064241565,49.87,2.1507578861122534
2021-02-01,2021,2,2021,Vehiculos_RoRo,52,39.9,1964591,13847930,5,0,0,37780.596153846156,7.048759767300166,50.17,0.6015640665731015
2021-03-01,2021,3,2021,Vehiculos_RoRo,63,39.0,2315469,17496474,6,0,0,36753.47619047619,7.556341285501987,51.15,1.953358580825193
2021-04-01,2021,4,2021,Vehiculos_RoRo,62,44.8,2283770,12747608,7,0,0,36835.0,5.581826541201609,52.71,3.0498533724340193
2021-05-01,2021,5,2021,Vehiculos_RoRo,57,39.7,3384687,17998806,8,0,0,59380.47368421053,5.317716527407113,52.7,-0.018971732119144047
2021-06-01,2021,6,2021,Vehiculos_RoRo,53,45.8,1892278,10352692,9,0,0,35703.35849056604,5.471020642844233,53.39,1.3092979127134585
2021-07-01,2021,7,2021,Vehiculos_RoRo,49,34.2,2182102,13884602,10,0,0,44532.69387755102,6.3629482031545725,52.94,-0.8428544671286842
2021-08-01,2021,8,2021,Vehiculos_RoRo,52,40.4,2278663,17863614,11,0,0,43820.442307692305,7.839515540472637,52.97,0.05666792595391268
2021-09-01,2021,9,2021,Vehiculos_RoRo,51,43.5,2495232,16728624,12,0,0,48926.117647058825,6.704235918744229,52.57,-0.7551444213705794
2021-10-01,2021,10,2022,Vehiculos_RoRo,52,33.9,2435464,16090012,1,0,0,46835.846153846156,6.6065488958161565,53.44,1.6549362754422647
2021-11-01,2021,11,2022,Vehiculos_RoRo,53,41.3,2558767,16146205,2,0,0,48278.622641509435,6.310150552981182,53.49,0.09356287425150711
2021-12-01,2021,12,2022,Vehiculos_RoRo,54,45.8,2232804,17565626,3,0,0,41348.22222222222,7.867070284718229,54.78,2.4116657319125157
2022-01-01,2022,1,2022,Vehiculos_RoRo,61,42.5,3036993,18347971,4,0,0,49786.770491803276,6.041492687009815,56.59,3.3041255932822144
2022-02-01,2022,2,2022,Vehiculos_RoRo,64,30.7,1855208,16529482,5,0,0,28987.625,8.909772920341007,58.08,2.63297402367908
2022-03-01,2022,3,2022,Vehiculos_RoRo,54,43.4,2084308,16486973,6,0,0,38598.2962962963,7.910046403890404,56.9,-2.031680440771344
2022-04-01,2022,4,2022,Vehiculos_RoRo,58,45.2,2800695,18055536,7,0,0,48287.84482758621,6.446805525057173,57.99,1.9156414762741658
2022-05-01,2022,5,2022,Vehiculos_RoRo,60,40.4,3081973,15726821,8,0,0,51366.21666666667,5.1028419132808756,59.67,2.8970512157268535
2022-06-01,2022,6,2022,Vehiculos_RoRo,55,31.7,2745278,17058481,9,0,0,49914.145454545454,6.213753579783177,61.6,3.2344561756326495
2022-07-01,2022,7,2022,Vehiculos_RoRo,50,41.7,2425596,12946569,10,0,0,48511.92,5.337479530803976,59.26,-3.7987012987013014
2022-08-01,2022,8,2022,Vehiculos_RoRo,54,28.5,2292866,14764353,11,0,0,42460.48148148148,6.439256807855322,57.95,-2.210597367532896
2022-09-01,2022,9,2022,Vehiculos_RoRo,49,39.2,2358087,16466325,12,0,0,48124.22448979592,6.982916660835669,56.23,-2.968075927523739
2022-10-01,2022,10,2023,Vehiculos_RoRo,54,37.1,2061176,16112964,1,0,0,38169.92592592593,7.817364456019282,54.7,-2.7209674550951357
2022-11-01,2022,11,2023,Vehiculos_RoRo,51,37.5,2835659,14953791,2,0,0,55601.1568627451,5.273479991776162,54.75,0.0914076782449591
2022-12-01,2022,12,2023,Vehiculos_RoRo,54,43.4,2532364,14893290,3,0,0,46895.62962962963,5.881180588572575,53.27,-2.7031963470319553
2023-01-01,2023,1,2023,Vehiculos_RoRo,61,39.4,3013498,15364511,4,0,0,49401.60655737705,5.098563529824808,53.25,-0.037544584193738295
2023-02-01,2023,2,2023,Vehiculos_RoRo,60,40.2,3065690,19621215,5,0,0,51094.833333333336,6.40026062648213,53.81,1.0516431924882719
2023-03-01,2023,3,2023,Vehiculos_RoRo,67,35.6,2959973,23579411,6,0,0,44178.701492537315,7.966089893387541,53.43,-0.7061884408102626
2023-04-01,2023,4,2023,Vehiculos_RoRo,54,38.0,2491093,10097197,7,0,0,46131.351851851854,4.053319968383356,53.36,-0.13101253977166882
2023-05-01,2023,5,2023,Vehiculos_RoRo,55,45.9,2697896,12514033,8,0,0,49052.65454545455,4.638441585591142,53.43,0.1311844077960922
2023-06-01,2023,6,2023,Vehiculos_RoRo,41,40.4,1045868,9867197,9,1,0,25508.975609756097,9.434457312012606,53.47,0.07486430844094727
2023-07-01,2023,7,2023,Vehiculos_RoRo,33,43.1,1807536,10090817,10,1,0,54773.818181818184,5.5826368050207575,52.69,-1.4587619225734039
2023-08-01,2023,8,2023,Vehiculos_RoRo,38,35.7,2139403,12196630,11,1,0,56300.07894736842,5.700950218355308,52.74,0.09489466691972037
2023-09-01,2023,9,2023,Vehiculos_RoRo,35,44.3,1743822,9617963,12,1,0,49823.485714285714,5.515449971384694,53.6,1.630640879787637
2023-10-01,2023,10,2024,Vehiculos_RoRo,34,40.4,1196006,6554701,1,1,0,35176.64705882353,5.480491736663528,52.6,-1.8656716417910446
2023-11-01,2023,11,2024,Vehiculos_RoRo,38,37.8,1719438,10256864,2,1,0,45248.36842105263,5.965242131440622,53.14,1.0266159695817567
2023-12-01,2023,12,2024,Vehiculos_RoRo,39,36.8,1795538,10811113,3,1,0,46039.4358974359,6.021099525601797,53.22,0.15054572826496138
2024-01-01,2024,1,2024,Vehiculos_RoRo,40,46.9,1887316,11807500,4,1,0,47182.9,6.256239018797064,52.81,-0.7703870725291218
2024-02-01,2024,2,2024,Vehiculos_RoRo,46,33.1,1807314,14300248,5,1,0,39289.434782608696,7.9124313760641485,54.08,2.4048475667487246
2024-03-01,2024,3,2024,Vehiculos_RoRo,46,38.7,3065066,13605397,6,1,0,66631.86956521739,4.438859391608533,54.57,0.9060650887573907
2024-04-01,2024,4,2024,Vehiculos_RoRo,51,40.9,1535106,12235153,7,1,0,30100.117647058825,7.970233325907136,53.79,-1.4293567894447468
2024-05-01,2024,5,2024,Vehiculos_RoRo,44,36.9,2010269,10922483,8,1,0,45687.931818181816,5.433343995256356,53.84,0.0929540806841489
2024-06-01,2024,6,2024,Vehiculos_RoRo,47,36.9,2166965,12793437,9,0,0,46105.63829787234,5.903850315994951,54.21,0.6872213967310525
2024-07-01,2024,7,2024,Vehiculos_RoRo,51,36.4,1167828,13393213,10,0,0,22898.58823529412,11.468480803679993,54.09,-0.22136137244050946
2024-08-01,2024,8,2024,Vehiculos_RoRo,55,39.2,1570905,14985110,11,0,0,28561.909090909092,9.539157364703785,54.53,0.813459049731935
2024-09-01,2024,9,2024,Vehiculos_RoRo,49,43.2,1604116,12706652,12,0,0,32737.061224489797,7.921280007181526,54.48,-0.09169264624977469
2024-10-01,2024,10,2025,Vehiculos_RoRo,45,38.9,2582960,11815685,1,0,0,57399.11111111111,4.574474633753523,54.92,0.8076358296622788
2024-11-01,2024,11,2025,Vehiculos_RoRo,48,34.7,2100629,11157350,2,0,0,43763.104166666664,5.311432908904904,55.87,1.7297887836853487
2024-12-01,2024,12,2025,Vehiculos_RoRo,56,41.0,2971883,16765175,3,0,0,53069.33928571428,5.641263468312851,55.42,-0.8054412027921898
2025-01-01,2025,1,2025,Vehiculos_RoRo,69,41.6,2928061,21493452,4,0,1,42435.666666666664,7.340506908838306,55.25,-0.30674846625766694
2025-02-01,2025,2,2025,Vehiculos_RoRo,65,43.9,2879780,19083502,5,0,1,44304.307692307695,6.62672218016654,54.72,-0.959276018099553
2025-03-01,2025,3,2025,Vehiculos_RoRo,67,37.3,3839023,19326713,6,0,1,57298.850746268654,5.034279034014644,54.52,-0.36549707602338
2025-04-01,2025,4,2025,Vehiculos_RoRo,65,37.2,2744360,14485079,7,0,1,42220.92307692308,5.278126411986766,53.6,-1.6874541452677971
2025-05-01,2025,5,2025,Vehiculos_RoRo,70,35.6,3617811,22921199,8,0,1,51683.014285714286,6.335654073692628,53.02,-1.0820895522388074
2025-06-01,2025,6,2025,Vehiculos_RoRo,61,42.6,2339216,12745662,9,0,1,38347.80327868852,5.448689646445647,52.65,-0.6978498679743539
2025-07-01,2025,7,2025,Vehiculos_RoRo,67,37.4,3283581,21616820,10,0,1,49008.67164179104,6.583306457188051,52.86,0.39886039886039004
2025-08-01,2025,8,2025,Vehiculos_RoRo,54,41.2,2722022,12892603,11,0,1,50407.81481481482,4.736406612437372,53.2,0.6432084752175715
2025-09-01,2025,9,2025,Vehiculos_RoRo,54,42.5,2091570,21728587,12,0,1,38732.77777777778,10.388649196536573,52.23,-1.8233082706767045
2025-10-01,2025,10,2026,Vehiculos_RoRo,58,34.4,3083847,14993934,1,0,1,53169.775862068964,4.8620875160149,51.55,-1.301933754547191
2025-11-01,2025,11,2026,Vehiculos_RoRo,68,45.1,3073300,18241943,2,0,1,45195.58823529412,5.935620668336967,51.63,0.15518913676044743
2025-12-01,2025,12,2026,Vehiculos_RoRo,64,46.2,2779841,18583776,3,0,1,43435.015625,6.685193865404532,50.34,-2.498547356188263
