fecha,anio,mes,anio_fiscal,segmento,transitos,calado_promedio_pies,toneladas_cp_suez,peajes_usd
2019-10-01,2019,10,2020,Portacontenedores,227,35.8,11577819,72100327
2019-10-01,2019,10,2020,Graneles_secos,152,34.8,6995453,40637245
2019-10-01,2019,10,2020,Quimiqueros,172,36.6,8950051,53511208
2019-10-01,2019,10,2020,Tanqueros,112,44.5,5458888,27510369
2019-10-01,2019,10,2020,Carga_refrigerada,66,36.2,3433821,18348195
2019-10-01,2019,10,2020,Vehiculos_RoRo,50,37.3,2739016,13690941
2019-10-01,2019,10,2020,Gas_licuado_GLP,40,38.6,1970338,11784710
2019-10-01,2019,10,2020,Gas_natural_GNL,28,41.7,1739729,7384815
2019-10-01,2019,10,2020,Pasajeros,13,36.7,649061,4227065
2019-10-01,2019,10,2020,Otros,36,36.6,1382549,11016853
2019-11-01,2019,11,2020,Portacontenedores,240,42.2,9522221,69428748
2019-11-01,2019,11,2020,Graneles_secos,178,40.9,9250914,51432000
2019-11-01,2019,11,2020,Quimiqueros,184,40.3,8705583,56166281
2019-11-01,2019,11,2020,Tanqueros,105,38.7,4329886,26716713
2019-11-01,2019,11,2020,Carga_refrigerada,66,46.0,2512841,21036254
2019-11-01,2019,11,2020,Vehiculos_RoRo,47,38.7,2176195,14262097
2019-11-01,2019,11,2020,Gas_licuado_GLP,45,43.2,1899458,11767766
2019-11-01,2019,11,2020,Gas_natural_GNL,30,39.2,1043835,7040055
2019-11-01,2019,11,2020,Pasajeros,13,42.0,599812,3999052
2019-11-01,2019,11,2020,Otros,37,40.6,1850174,9902167
2019-12-01,2019,12,2020,Portacontenedores,246,37.4,10355510,65123699
2019-12-01,2019,12,2020,Graneles_secos,171,41.9,7052857,47965459
2019-12-01,2019,12,2020,Quimiqueros,190,41.8,9561385,52451510
2019-12-01,2019,12,2020,Tanqueros,116,39.7,3654153,25765398
2019-12-01,2019,12,2020,Carga_refrigerada,64,36.0,3084684,15601973
2019-12-01,2019,12,2020,Vehiculos_RoRo,53,45.2,2233944,16403533
2019-12-01,2019,12,2020,Gas_licuado_GLP,42,39.2,1570792,11190424
2019-12-01,2019,12,2020,Gas_natural_GNL,31,33.1,1502737,8974792
2019-12-01,2019,12,2020,Pasajeros,14,34.2,638078,3623484
2019-12-01,2019,12,2020,Otros,40,40.1,2312569,10817030
2020-01-01,2020,1,2020,Portacontenedores,234,40.7,10941833,78241995
2020-01-01,2020,1,2020,Graneles_secos,202,41.4,11454697,46954794
2020-01-01,2020,1,2020,Quimiqueros,185,36.3,7748081,41612522
2020-01-01,2020,1,2020,Tanqueros,129,39.1,4287127,30879611
2020-01-01,2020,1,2020,Carga_refrigerada,74,43.4,4512064,29345032
2020-01-01,2020,1,2020,Vehiculos_RoRo,58,36.0,1620730,16861090
2020-01-01,2020,1,2020,Gas_licuado_GLP,44,38.3,1764541,12072208
2020-01-01,2020,1,2020,Gas_natural_GNL,33,40.6,1443120,7872937
2020-01-01,2020,1,2020,Pasajeros,14,38.1,623976,4910040
2020-01-01,2020,1,2020,Otros,41,43.9,1681231,9536692
2020-02-01,2020,2,2020,Portacontenedores,241,37.1,14948689,59561832
2020-02-01,2020,2,2020,Graneles_secos,207,36.4,10857684,61147393
2020-02-01,2020,2,2020,Quimiqueros,195,39.8,7753531,58079363
2020-02-01,2020,2,2020,Tanqueros,124,35.1,4312285,35576036
2020-02-01,2020,2,2020,Carga_refrigerada,81,40.6,3568122,23606076
2020-02-01,2020,2,2020,Vehiculos_RoRo,63,40.9,2627892,20427847
2020-02-01,2020,2,2020,Gas_licuado_GLP,49,46.1,2276827,11320040
2020-02-01,2020,2,2020,Gas_natural_GNL,29,46.6,1704890,7911757
2020-02-01,2020,2,2020,Pasajeros,15,45.8,542154,3663163
2020-02-01,2020,2,2020,Otros,44,38.4,1978197,12032340
2020-03-01,2020,3,2020,Portacontenedores,264,45.6,12071315,80719993
2020-03-01,2020,3,2020,Graneles_secos,175,39.8,6694477,40468308
2020-03-01,2020,3,2020,Quimiqueros,189,38.7,9889844,42892471
2020-03-01,2020,3,2020,Tanqueros,129,38.1,5466841,41294230
2020-03-01,2020,3,2020,Carga_refrigerada,78,45.3,3413588,19668659
2020-03-01,2020,3,2020,Vehiculos_RoRo,58,41.0,2691930,13724219
2020-03-01,2020,3,2020,Gas_licuado_GLP,48,40.9,3126710,17043541
2020-03-01,2020,3,2020,Gas_natural_GNL,30,38.9,998773,7691151
2020-03-01,2020,3,2020,Pasajeros,16,44.8,626677,4061346
2020-03-01,2020,3,2020,Otros,37,39.3,1350525,9576429
2020-04-01,2020,4,2020,Portacontenedores,243,39.6,7517976,53780320
2020-04-01,2020,4,2020,Graneles_secos,223,34.9,8078334,78825268
2020-04-01,2020,4,2020,Quimiqueros,232,35.3,9756529,68129635
2020-04-01,2020,4,2020,Tanqueros,141,36.1,6068326,43864183
2020-04-01,2020,4,2020,Carga_refrigerada,76,38.5,3338635,17100316
2020-04-01,2020,4,2020,Vehiculos_RoRo,57,38.9,2670869,14693853
2020-04-01,2020,4,2020,Gas_licuado_GLP,49,44.1,2265928,14409442
2020-04-01,2020,4,2020,Gas_natural_GNL,32,40.0,1255281,9365112
2020-04-01,2020,4,2020,Pasajeros,15,48.4,863802,4431507
2020-04-01,2020,4,2020,Otros,40,35.6,2181165,11620398
2020-05-01,2020,5,2020,Portacontenedores,256,33.0,13419394,76333264
2020-05-01,2020,5,2020,Graneles_secos,179,38.1,8432643,50495662
2020-05-01,2020,5,2020,Quimiqueros,189,39.6,8124010,54073372
2020-05-01,2020,5,2020,Tanqueros,135,29.7,5819201,38753167
2020-05-01,2020,5,2020,Carga_refrigerada,74,38.5,2290020,21690866
2020-05-01,2020,5,2020,Vehiculos_RoRo,63,33.9,3270369,16812116
2020-05-01,2020,5,2020,Gas_licuado_GLP,46,35.8,1946920,15272082
2020-05-01,2020,5,2020,Gas_natural_GNL,32,46.9,1741417,9522030
2020-05-01,2020,5,2020,Pasajeros,17,41.8,877606,4558331
2020-05-01,2020,5,2020,Otros,41,37.2,2169583,9547582
2020-06-01,2020,6,2020,Portacontenedores,251,39.2,13646864,77818724
2020-06-01,2020,6,2020,Graneles_secos,205,42.9,6646853,56850983
2020-06-01,2020,6,2020,Quimiqueros,171,37.9,9762360,52240731
2020-06-01,2020,6,2020,Tanqueros,114,35.9,5159897,26372485
2020-06-01,2020,6,2020,Carga_refrigerada,67,41.2,3634247,20391480
2020-06-01,2020,6,2020,Vehiculos_RoRo,47,41.2,2142084,13938113
2020-06-01,2020,6,2020,Gas_licuado_GLP,49,31.7,1973287,14878176
2020-06-01,2020,6,2020,Gas_natural_GNL,27,45.9,1294565,8474310
2020-06-01,2020,6,2020,Pasajeros,14,43.3,749668,4050411
2020-06-01,2020,6,2020,Otros,40,41.1,1523729,10963954
2020-07-01,2020,7,2020,Portacontenedores,228,41.5,12083679,54186150
2020-07-01,2020,7,2020,Graneles_secos,176,45.9,6873027,43491359
2020-07-01,2020,7,2020,Quimiqueros,179,43.4,8071362,59635357
2020-07-01,2020,7,2020,Tanqueros,121,43.4,5981384,45145841
2020-07-01,2020,7,2020,Carga_refrigerada,66,32.0,3817046,17271673
2020-07-01,2020,7,2020,Vehiculos_RoRo,53,45.2,1705641,12186507
2020-07-01,2020,7,2020,Gas_licuado_GLP,39,36.8,1892166,11737733
2020-07-01,2020,7,2020,Gas_natural_GNL,29,34.3,769056,8183050
2020-07-01,2020,7,2020,Pasajeros,13,41.8,658003,3711885
2020-07-01,2020,7,2020,Otros,40,40.9,1969620,10072522
2020-08-01,2020,8,2020,Portacontenedores,220,40.8,11344130,58135077
2020-08-01,2020,8,2020,Graneles_secos,177,38.9,7798560,55432994
2020-08-01,2020,8,2020,Quimiqueros,151,34.8,5004520,28184958
2020-08-01,2020,8,2020,Tanqueros,107,43.0,4571139,30806541
2020-08-01,2020,8,2020,Carga_refrigerada,69,45.3,3066835,23055897
2020-08-01,2020,8,2020,Vehiculos_RoRo,51,36.7,2052484,11259705
2020-08-01,2020,8,2020,Gas_licuado_GLP,39,38.6,2005718,13604400
2020-08-01,2020,8,2020,Gas_natural_GNL,25,41.6,916891,7474697
2020-08-01,2020,8,2020,Pasajeros,13,32.7,681542,3325399
2020-08-01,2020,8,2020,Otros,36,35.7,1431566,10696162
2020-09-01,2020,9,2020,Portacontenedores,218,41.3,10441191,72556169
2020-09-01,2020,9,2020,Graneles_secos,166,34.1,8887271,44278918
2020-09-01,2020,9,2020,Quimiqueros,181,41.5,7955112,53205137
2020-09-01,2020,9,2020,Tanqueros,123,48.3,5603271,35228137
2020-09-01,2020,9,2020,Carga_refrigerada,68,36.6,3241190,18969653
2020-09-01,2020,9,2020,Vehiculos_RoRo,51,36.7,1646456,10051113
2020-09-01,2020,9,2020,Gas_licuado_GLP,38,38.2,1620869,13584591
2020-09-01,2020,9,2020,Gas_natural_GNL,29,36.2,1385668,7647789
2020-09-01,2020,9,2020,Pasajeros,13,40.7,649393,3463585
2020-09-01,2020,9,2020,Otros,39,35.4,1756977,14972371
2020-10-01,2020,10,2021,Portacontenedores,226,45.7,10335468,68530224
2020-10-01,2020,10,2021,Graneles_secos,171,39.3,6628668,50823261
2020-10-01,2020,10,2021,Quimiqueros,163,42.7,8750214,48029784
2020-10-01,2020,10,2021,Tanqueros,109,41.8,4635837,34598985
2020-10-01,2020,10,2021,Carga_refrigerada,57,38.7,1657189,12551261
2020-10-01,2020,10,2021,Vehiculos_RoRo,55,43.6,2158428,12094492
2020-10-01,2020,10,2021,Gas_licuado_GLP,34,37.8,2188352,10111442
2020-10-01,2020,10,2021,Gas_natural_GNL,26,41.9,845320,6970783
2020-10-01,2020,10,2021,Pasajeros,14,39.7,718570,4113001
2020-10-01,2020,10,2021,Otros,38,37.2,1982935,13115984
2020-11-01,2020,11,2021,Portacontenedores,216,36.4,12028235,58826787
2020-11-01,2020,11,2021,Graneles_secos,192,38.2,10874950,54769811
2020-11-01,2020,11,2021,Quimiqueros,180,46.3,7579050,43623920
2020-11-01,2020,11,2021,Tanqueros,112,41.8,3637079,34215869
2020-11-01,2020,11,2021,Carga_refrigerada,65,44.6,1679984,16154928
2020-11-01,2020,11,2021,Vehiculos_RoRo,47,36.7,2208122,12823053
2020-11-01,2020,11,2021,Gas_licuado_GLP,42,39.4,1958338,10065659
2020-11-01,2020,11,2021,Gas_natural_GNL,30,42.7,1442409,9067840
2020-11-01,2020,11,2021,Pasajeros,14,48.1,620245,3748033
2020-11-01,2020,11,2021,Otros,36,35.9,1261592,8800131
2020-12-01,2020,12,2021,Portacontenedores,238,41.3,10807374,59352104
2020-12-01,2020,12,2021,Graneles_secos,194,43.0,8482225,49253370
2020-12-01,2020,12,2021,Quimiqueros,191,40.8,6382261,52960630
2020-12-01,2020,12,2021,Tanqueros,121,36.4,5628768,26838659
2020-12-01,2020,12,2021,Carga_refrigerada,75,45.0,3223489,22090363
2020-12-01,2020,12,2021,Vehiculos_RoRo,47,35.4,2004539,11144389
2020-12-01,2020,12,2021,Gas_licuado_GLP,46,48.0,1637005,11339067
2020-12-01,2020,12,2021,Gas_natural_GNL,30,46.4,1056630,8698843
2020-12-01,2020,12,2021,Pasajeros,16,33.4,556023,4208891
2020-12-01,2020,12,2021,Otros,38,43.3,1783464,7942057
2021-01-01,2021,1,2021,Portacontenedores,257,37.7,14185263,65508400
2021-01-01,2021,1,2021,Graneles_secos,185,42.2,9454131,55115935
2021-01-01,2021,1,2021,Quimiqueros,172,42.2,6316792,49778699
2021-01-01,2021,1,2021,Tanqueros,114,41.8,4394381,26071185
2021-01-01,2021,1,2021,Carga_refrigerada,75,41.0,3006613,25353536
2021-01-01,2021,1,2021,Vehiculos_RoRo,55,40.1,2593321,14036734
2021-01-01,2021,1,2021,Gas_licuado_GLP,48,37.9,2001930,16056273
2021-01-01,2021,1,2021,Gas_natural_GNL,29,30.3,1678737,11077220
2021-01-01,2021,1,2021,Pasajeros,15,32.3,637741,4028266
2021-01-01,2021,1,2021,Otros,41,35.5,2035096,12340192
2021-02-01,2021,2,2021,Portacontenedores,233,42.8,14311204,66842670
2021-02-01,2021,2,2021,Graneles_secos,193,39.4,9634956,40679215
2021-02-01,2021,2,2021,Quimiqueros,199,38.4,11896737,54333585
2021-02-01,2021,2,2021,Tanqueros,141,35.6,7007428,41281417
2021-02-01,2021,2,2021,Carga_refrigerada,70,40.7,3829010,18693383
2021-02-01,2021,2,2021,Vehiculos_RoRo,52,39.9,1964591,13847930
2021-02-01,2021,2,2021,Gas_licuado_GLP,47,33.2,1507512,14066285
2021-02-01,2021,2,2021,Gas_natural_GNL,31,29.7,1589641,9017738
2021-02-01,2021,2,2021,Pasajeros,15,34.7,775296,4409610
2021-02-01,2021,2,2021,Otros,48,41.7,2308878,13119498
2021-03-01,2021,3,2021,Portacontenedores,271,42.5,14908739,70228859
2021-03-01,2021,3,2021,Graneles_secos,194,38.1,9957324,65947385
2021-03-01,2021,3,2021,Quimiqueros,194,38.3,9217447,52412890
2021-03-01,2021,3,2021,Tanqueros,137,31.0,5258931,34072358
2021-03-01,2021,3,2021,Carga_refrigerada,65,36.1,2449118,17677127
2021-03-01,2021,3,2021,Vehiculos_RoRo,63,39.0,2315469,17496474
2021-03-01,2021,3,2021,Gas_licuado_GLP,51,36.1,1923485,15419439
2021-03-01,2021,3,2021,Gas_natural_GNL,31,42.6,1391615,9550062
2021-03-01,2021,3,2021,Pasajeros,15,40.0,649717,3470465
2021-03-01,2021,3,2021,Otros,39,42.7,1645502,9325242
2021-04-01,2021,4,2021,Portacontenedores,255,44.5,6822294,56134285
2021-04-01,2021,4,2021,Graneles_secos,186,45.8,8790489,57788840
2021-04-01,2021,4,2021,Quimiqueros,184,35.5,8939181,51948899
2021-04-01,2021,4,2021,Tanqueros,132,39.2,6233719,37794868
2021-04-01,2021,4,2021,Carga_refrigerada,78,43.2,2499199,14828522
2021-04-01,2021,4,2021,Vehiculos_RoRo,62,44.8,2283770,12747608
2021-04-01,2021,4,2021,Gas_licuado_GLP,48,43.7,2850276,14431291
2021-04-01,2021,4,2021,Gas_natural_GNL,31,36.4,1397839,8308911
2021-04-01,2021,4,2021,Pasajeros,15,48.2,889220,4881629
2021-04-01,2021,4,2021,Otros,40,43.4,2004680,11908072
2021-05-01,2021,5,2021,Portacontenedores,268,42.5,13646590,81867635
2021-05-01,2021,5,2021,Graneles_secos,196,32.9,8951117,50519455
2021-05-01,2021,5,2021,Quimiqueros,177,46.7,10413257,59183281
2021-05-01,2021,5,2021,Tanqueros,126,45.4,5682149,36302098
2021-05-01,2021,5,2021,Carga_refrigerada,68,41.6,3092849,15496786
2021-05-01,2021,5,2021,Vehiculos_RoRo,57,39.7,3384687,17998806
2021-05-01,2021,5,2021,Gas_licuado_GLP,46,41.0,2086270,12506638
2021-05-01,2021,5,2021,Gas_natural_GNL,29,39.4,1131905,6669633
2021-05-01,2021,5,2021,Pasajeros,16,41.6,491301,4401481
2021-05-01,2021,5,2021,Otros,44,44.2,2341094,12388487
2021-06-01,2021,6,2021,Portacontenedores,227,35.7,10840802,67003862
2021-06-01,2021,6,2021,Graneles_secos,199,44.4,8744491,45816121
2021-06-01,2021,6,2021,Quimiqueros,181,40.9,7852383,46496046
2021-06-01,2021,6,2021,Tanqueros,121,38.0,4837032,35387431
2021-06-01,2021,6,2021,Carga_refrigerada,68,41.0,3208622,15940753
2021-06-01,2021,6,2021,Vehiculos_RoRo,53,45.8,1892278,10352692
2021-06-01,2021,6,2021,Gas_licuado_GLP,39,40.1,1764646,10736527
2021-06-01,2021,6,2021,Gas_natural_GNL,32,29.3,1541359,10958640
2021-06-01,2021,6,2021,Pasajeros,13,38.5,506699,3174940
2021-06-01,2021,6,2021,Otros,39,45.7,2328264,10395934
2021-07-01,2021,7,2021,Portacontenedores,256,40.1,15111559,70724621
2021-07-01,2021,7,2021,Graneles_secos,178,41.5,12536687,55901153
2021-07-01,2021,7,2021,Quimiqueros,170,43.9,7157907,44269698
2021-07-01,2021,7,2021,Tanqueros,121,40.1,5714661,33947688
2021-07-01,2021,7,2021,Carga_refrigerada,68,41.7,2006289,20853077
2021-07-01,2021,7,2021,Vehiculos_RoRo,49,34.2,2182102,13884602
2021-07-01,2021,7,2021,Gas_licuado_GLP,41,43.3,1404766,10812612
2021-07-01,2021,7,2021,Gas_natural_GNL,27,39.8,1275234,6471475
2021-07-01,2021,7,2021,Pasajeros,15,40.3,447966,3024845
2021-07-01,2021,7,2021,Otros,38,39.1,1678560,10597466
2021-08-01,2021,8,2021,Portacontenedores,226,43.8,8161122,52685376
2021-08-01,2021,8,2021,Graneles_secos,160,41.2,8793532,42039427
2021-08-01,2021,8,2021,Quimiqueros,146,33.2,5597013,37622863
2021-08-01,2021,8,2021,Tanqueros,108,40.2,4590651,34773147
2021-08-01,2021,8,2021,Carga_refrigerada,62,36.6,3027522,13551607
2021-08-01,2021,8,2021,Vehiculos_RoRo,52,40.4,2278663,17863614
2021-08-01,2021,8,2021,Gas_licuado_GLP,40,48.2,1727861,9156773
2021-08-01,2021,8,2021,Gas_natural_GNL,28,35.7,1091606,8284677
2021-08-01,2021,8,2021,Pasajeros,14,37.5,740589,4568204
2021-08-01,2021,8,2021,Otros,40,42.1,2236297,8190722
2021-09-01,2021,9,2021,Portacontenedores,216,36.5,9926022,55542678
2021-09-01,2021,9,2021,Graneles_secos,168,47.5,7331896,49820684
2021-09-01,2021,9,2021,Quimiqueros,167,40.3,7523038,49754804
2021-09-01,2021,9,2021,Tanqueros,118,46.6,5602281,35822661
2021-09-01,2021,9,2021,Carga_refrigerada,59,39.6,3098816,18563685
2021-09-01,2021,9,2021,Vehiculos_RoRo,51,43.5,2495232,16728624
2021-09-01,2021,9,2021,Gas_licuado_GLP,42,38.6,2002842,6836601
2021-09-01,2021,9,2021,Gas_natural_GNL,28,25.4,873944,8345980
2021-09-01,2021,9,2021,Pasajeros,14,35.4,550244,4687502
2021-09-01,2021,9,2021,Otros,35,49.0,1574462,10371250
2021-10-01,2021,10,2022,Portacontenedores,245,40.5,9060405,67524670
2021-10-01,2021,10,2022,Graneles_secos,171,34.5,7345021,42803406
2021-10-01,2021,10,2022,Quimiqueros,181,40.1,7735511,49911242
2021-10-01,2021,10,2022,Tanqueros,113,42.5,4181260,26932023
2021-10-01,2021,10,2022,Carga_refrigerada,69,38.4,2322903,20544923
2021-10-01,2021,10,2022,Vehiculos_RoRo,52,33.9,2435464,16090012
2021-10-01,2021,10,2022,Gas_licuado_GLP,42,42.5,1418165,12316147
2021-10-01,2021,10,2022,Gas_natural_GNL,27,38.1,1403040,9157616
2021-10-01,2021,10,2022,Pasajeros,15,45.3,661831,4411632
2021-10-01,2021,10,2022,Otros,38,40.5,1749752,11892104
2021-11-01,2021,11,2022,Portacontenedores,229,37.1,9545685,69926619
2021-11-01,2021,11,2022,Graneles_secos,177,41.4,8913832,46906122
2021-11-01,2021,11,2022,Quimiqueros,185,41.5,6497476,62473055
2021-11-01,2021,11,2022,Tanqueros,111,33.4,4067001,26546559
2021-11-01,2021,11,2022,Carga_refrigerada,67,38.9,2834458,20420801
2021-11-01,2021,11,2022,Vehiculos_RoRo,53,41.3,2558767,16146205
2021-11-01,2021,11,2022,Gas_licuado_GLP,37,38.5,1019657,10413368
2021-11-01,2021,11,2022,Gas_natural_GNL,28,44.2,1526030,8067108
2021-11-01,2021,11,2022,Pasajeros,13,41.9,530096,3639275
2021-11-01,2021,11,2022,Otros,40,37.8,2057817,12283842
2021-12-01,2021,12,2022,Portacontenedores,226,43.9,11433007,64201410
2021-12-01,2021,12,2022,Graneles_secos,176,36.6,7162971,53099865
2021-12-01,2021,12,2022,Quimiqueros,174,41.8,6101476,47299682
2021-12-01,2021,12,2022,Tanqueros,120,49.8,4077776,40665669
2021-12-01,2021,12,2022,Carga_refrigerada,70,41.6,3216274,20845235
2021-12-01,2021,12,2022,Vehiculos_RoRo,54,45.8,2232804,17565626
2021-12-01,2021,12,2022,Gas_licuado_GLP,43,39.8,1566244,12822640
2021-12-01,2021,12,2022,Gas_natural_GNL,32,39.7,1389597,7533290
2021-12-01,2021,12,2022,Pasajeros,14,33.6,527757,4047000
2021-12-01,2021,12,2022,Otros,43,51.2,1733214,14508716
2022-01-01,2022,1,2022,Portacontenedores,253,39.4,12260571,71466594
2022-01-01,2022,1,2022,Graneles_secos,193,38.4,6526318,42123213
2022-01-01,2022,1,2022,Quimiqueros,199,38.9,8006026,55787704
2022-01-01,2022,1,2022,Tanqueros,130,40.7,5167702,42776723
2022-01-01,2022,1,2022,Carga_refrigerada,79,42.0,4170355,26044593
2022-01-01,2022,1,2022,Vehiculos_RoRo,61,42.5,3036993,18347971
2022-01-01,2022,1,2022,Gas_licuado_GLP,43,42.8,1468599,10673288
2022-01-01,2022,1,2022,Gas_natural_GNL,33,43.4,1877673,8881389
2022-01-01,2022,1,2022,Pasajeros,14,39.0,641427,3964233
2022-01-01,2022,1,2022,Otros,44,38.6,2103916,10580016
2022-02-01,2022,2,2022,Portacontenedores,263,40.0,10257392,71159075
2022-02-01,2022,2,2022,Graneles_secos,195,38.9,11538292,53832121
2022-02-01,2022,2,2022,Quimiqueros,194,31.6,7342190,52278550
2022-02-01,2022,2,2022,Tanqueros,123,45.5,5372701,40779145
2022-02-01,2022,2,2022,Carga_refrigerada,75,40.1,3321722,21011388
2022-02-01,2022,2,2022,Vehiculos_RoRo,64,30.7,1855208,16529482
2022-02-01,2022,2,2022,Gas_licuado_GLP,48,42.8,2341665,12702247
2022-02-01,2022,2,2022,Gas_natural_GNL,34,44.1,1580063,10829214
2022-02-01,2022,2,2022,Pasajeros,16,37.8,809320,4550792
2022-02-01,2022,2,2022,Otros,42,45.9,1066506,9378290
2022-03-01,2022,3,2022,Portacontenedores,240,38.5,10311152,52729673
2022-03-01,2022,3,2022,Graneles_secos,187,36.6,12091306,65837029
2022-03-01,2022,3,2022,Quimiqueros,194,38.5,6946435,39512907
2022-03-01,2022,3,2022,Tanqueros,128,36.0,5673113,27646946
2022-03-01,2022,3,2022,Carga_refrigerada,72,40.6,3450936,21362319
2022-03-01,2022,3,2022,Vehiculos_RoRo,54,43.4,2084308,16486973
2022-03-01,2022,3,2022,Gas_licuado_GLP,48,34.5,2038580,14141498
2022-03-01,2022,3,2022,Gas_natural_GNL,33,39.4,1889389,10569914
2022-03-01,2022,3,2022,Pasajeros,15,43.0,907055,5376290
2022-03-01,2022,3,2022,Otros,40,36.3,2275174,9506750
2022-04-01,2022,4,2022,Portacontenedores,236,38.1,11413388,65113375
2022-04-01,2022,4,2022,Graneles_secos,190,37.3,7467247,46515726
2022-04-01,2022,4,2022,Quimiqueros,224,41.2,11669072,58337865
2022-04-01,2022,4,2022,Tanqueros,126,37.1,2997077,28334833
2022-04-01,2022,4,2022,Carga_refrigerada,66,31.0,2338850,21977882
2022-04-01,2022,4,2022,Vehiculos_RoRo,58,45.2,2800695,18055536
2022-04-01,2022,4,2022,Gas_licuado_GLP,45,42.1,2287337,11562034
2022-04-01,2022,4,2022,Gas_natural_GNL,33,42.3,1339918,7757945
2022-04-01,2022,4,2022,Pasajeros,14,40.3,666625,3476185
2022-04-01,2022,4,2022,Otros,42,42.3,2097712,14367158
2022-05-01,2022,5,2022,Portacontenedores,268,36.0,15669608,69347931
2022-05-01,2022,5,2022,Graneles_secos,204,40.3,8507372,42369193
2022-05-01,2022,5,2022,Quimiqueros,190,33.8,10020294,64727624
2022-05-01,2022,5,2022,Tanqueros,118,41.2,4625230,30073552
2022-05-01,2022,5,2022,Carga_refrigerada,76,39.8,4477706,19814013
2022-05-01,2022,5,2022,Vehiculos_RoRo,60,40.4,3081973,15726821
2022-05-01,2022,5,2022,Gas_licuado_GLP,46,39.5,1762330,14098230
2022-05-01,2022,5,2022,Gas_natural_GNL,32,42.4,1833463,10815161
2022-05-01,2022,5,2022,Pasajeros,15,41.5,600167,4214013
2022-05-01,2022,5,2022,Otros,40,46.5,1916383,10851153
2022-06-01,2022,6,2022,Portacontenedores,257,31.3,7424005,80141221
2022-06-01,2022,6,2022,Graneles_secos,185,41.0,6361933,51628070
2022-06-01,2022,6,2022,Quimiqueros,207,43.3,9596034,54324633
2022-06-01,2022,6,2022,Tanqueros,117,31.5,5506151,36716860
2022-06-01,2022,6,2022,Carga_refrigerada,63,37.4,2251637,15207314
2022-06-01,2022,6,2022,Vehiculos_RoRo,55,31.7,2745278,17058481
2022-06-01,2022,6,2022,Gas_licuado_GLP,44,30.1,1629260,14489907
2022-06-01,2022,6,2022,Gas_natural_GNL,24,38.6,853439,7492387
2022-06-01,2022,6,2022,Pasajeros,14,41.6,693331,4948286
2022-06-01,2022,6,2022,Otros,39,41.5,1291662,12777045
2022-07-01,2022,7,2022,Portacontenedores,219,37.8,9816021,47629133
2022-07-01,2022,7,2022,Graneles_secos,180,43.9,8521824,38959937
2022-07-01,2022,7,2022,Quimiqueros,176,43.0,5275791,41713647
2022-07-01,2022,7,2022,Tanqueros,121,41.1,5843788,42879954
2022-07-01,2022,7,2022,Carga_refrigerada,69,42.6,4601331,18729899
2022-07-01,2022,7,2022,Vehiculos_RoRo,50,41.7,2425596,12946569
2022-07-01,2022,7,2022,Gas_licuado_GLP,40,49.2,1904589,10028343
2022-07-01,2022,7,2022,Gas_natural_GNL,30,39.6,1289308,9074727
2022-07-01,2022,7,2022,Pasajeros,13,41.4,783947,3882412
2022-07-01,2022,7,2022,Otros,37,38.0,1543539,9984135
2022-08-01,2022,8,2022,Portacontenedores,218,43.7,6787283,68556640
2022-08-01,2022,8,2022,Graneles_secos,168,41.5,6045328,55968400
2022-08-01,2022,8,2022,Quimiqueros,185,43.8,6083162,57935495
2022-08-01,2022,8,2022,Tanqueros,114,33.6,5107840,33582277
2022-08-01,2022,8,2022,Carga_refrigerada,67,40.7,3171100,22709278
2022-08-01,2022,8,2022,Vehiculos_RoRo,54,28.5,2292866,14764353
2022-08-01,2022,8,2022,Gas_licuado_GLP,37,40.4,2034632,8751879
2022-08-01,2022,8,2022,Gas_natural_GNL,28,36.3,1109491,9494680
2022-08-01,2022,8,2022,Pasajeros,13,41.8,390393,4608405
2022-08-01,2022,8,2022,Otros,38,39.3,1884966,8497074
2022-09-01,2022,9,2022,Portacontenedores,236,38.7,10234716,61438770
2022-09-01,2022,9,2022,Graneles_secos,164,42.8,7715749,50195467
2022-09-01,2022,9,2022,Quimiqueros,170,42.1,7080365,62762176
2022-09-01,2022,9,2022,Tanqueros,100,45.0,5594325,24591364
2022-09-01,2022,9,2022,Carga_refrigerada,73,44.0,3852145,20521824
2022-09-01,2022,9,2022,Vehiculos_RoRo,49,39.2,2358087,16466325
2022-09-01,2022,9,2022,Gas_licuado_GLP,41,36.4,2115412,12990687
2022-09-01,2022,9,2022,Gas_natural_GNL,28,43.0,1199312,6799532
2022-09-01,2022,9,2022,Pasajeros,13,33.5,609642,3596606
2022-09-01,2022,9,2022,Otros,35,28.2,1225751,11369176
2022-10-01,2022,10,2023,Portacontenedores,214,41.4,7249146,72235318
2022-10-01,2022,10,2023,Graneles_secos,170,41.2,10813060,57911792
2022-10-01,2022,10,2023,Quimiqueros,169,37.6,7164863,50766912
2022-10-01,2022,10,2023,Tanqueros,110,38.4,6241119,30297476
2022-10-01,2022,10,2023,Carga_refrigerada,74,40.4,4386908,21777665
2022-10-01,2022,10,2023,Vehiculos_RoRo,54,37.1,2061176,16112964
2022-10-01,2022,10,2023,Gas_licuado_GLP,44,40.2,1527189,9925945
2022-10-01,2022,10,2023,Gas_natural_GNL,25,32.9,1146897,8125043
2022-10-01,2022,10,2023,Pasajeros,13,31.0,565160,3555344
2022-10-01,2022,10,2023,Otros,41,34.2,1716857,14277598
2022-11-01,2022,11,2023,Portacontenedores,236,42.3,10836335,69194667
2022-11-01,2022,11,2023,Graneles_secos,185,36.8,9624526,41639777
2022-11-01,2022,11,2023,Quimiqueros,181,40.7,7252607,50515758
2022-11-01,2022,11,2023,Tanqueros,110,35.7,4638819,25942450
2022-11-01,2022,11,2023,Carga_refrigerada,68,35.4,3447315,15826376
2022-11-01,2022,11,2023,Vehiculos_RoRo,51,37.5,2835659,14953791
2022-11-01,2022,11,2023,Gas_licuado_GLP,42,42.0,1181983,11687535
2022-11-01,2022,11,2023,Gas_natural_GNL,32,40.5,1457385,9661604
2022-11-01,2022,11,2023,Pasajeros,15,32.0,473120,4326174
2022-11-01,2022,11,2023,Otros,36,45.2,1529229,7294275
2022-12-01,2022,12,2023,Portacontenedores,221,29.0,9531066,60214684
2022-12-01,2022,12,2023,Graneles_secos,180,44.3,9825868,49173203
2022-12-01,2022,12,2023,Quimiqueros,161,42.5,7960303,47072481
2022-12-01,2022,12,2023,Tanqueros,127,35.3,7755895,30686107
2022-12-01,2022,12,2023,Carga_refrigerada,73,33.3,2741725,24867796
2022-12-01,2022,12,2023,Vehiculos_RoRo,54,43.4,2532364,14893290
2022-12-01,2022,12,2023,Gas_licuado_GLP,48,39.1,1476196,11897779
2022-12-01,2022,12,2023,Gas_natural_GNL,30,41.6,973906,7530788
2022-12-01,2022,12,2023,Pasajeros,14,38.5,475897,3568112
2022-12-01,2022,12,2023,Otros,38,43.1,1955972,10418368
2023-01-01,2023,1,2023,Portacontenedores,243,40.6,9347577,56892792
2023-01-01,2023,1,2023,Graneles_secos,181,37.5,6460289,51853311
2023-01-01,2023,1,2023,Quimiqueros,200,33.7,9040205,54240513
2023-01-01,2023,1,2023,Tanqueros,127,39.9,4238143,29147062
2023-01-01,2023,1,2023,Carga_refrigerada,72,44.1,1964628,21155692
2023-01-01,2023,1,2023,Vehiculos_RoRo,61,39.4,3013498,15364511
2023-01-01,2023,1,2023,Gas_licuado_GLP,46,33.5,1207281,14614689
2023-01-01,2023,1,2023,Gas_natural_GNL,29,38.2,983345,6484435
2023-01-01,2023,1,2023,Pasajeros,15,37.1,720356,4471523
2023-01-01,2023,1,2023,Otros,42,41.0,2420130,9966442
2023-02-01,2023,2,2023,Portacontenedores,255,44.5,14054661,56898010
2023-02-01,2023,2,2023,Graneles_secos,194,45.4,9518538,55835241
2023-02-01,2023,2,2023,Quimiqueros,195,38.5,9224621,52631481
2023-02-01,2023,2,2023,Tanqueros,127,40.3,5026079,38263217
2023-02-01,2023,2,2023,Carga_refrigerada,87,32.9,4140512,21714538
2023-02-01,2023,2,2023,Vehiculos_RoRo,60,40.2,3065690,19621215
2023-02-01,2023,2,2023,Gas_licuado_GLP,48,44.5,1259789,16493668
2023-02-01,2023,2,2023,Gas_natural_GNL,32,44.3,1127711,7896614
2023-02-01,2023,2,2023,Pasajeros,16,39.9,756232,5174089
2023-02-01,2023,2,2023,Otros,38,43.9,1712517,10330251
2023-03-01,2023,3,2023,Portacontenedores,236,42.0,6062164,72200839
2023-03-01,2023,3,2023,Graneles_secos,181,40.2,7972443,59147456
2023-03-01,2023,3,2023,Quimiqueros,197,37.2,8066594,65190316
2023-03-01,2023,3,2023,Tanqueros,133,38.5,5733421,28902617
2023-03-01,2023,3,2023,Carga_refrigerada,77,33.0,3928106,21956154
2023-03-01,2023,3,2023,Vehiculos_RoRo,67,35.6,2959973,23579411
2023-03-01,2023,3,2023,Gas_licuado_GLP,52,37.2,2433170,14564158
2023-03-01,2023,3,2023,Gas_natural_GNL,32,37.2,1417133,6914492
2023-03-01,2023,3,2023,Pasajeros,16,41.8,690890,3446367
2023-03-01,2023,3,2023,Otros,45,41.5,1763634,12094919
2023-04-01,2023,4,2023,Portacontenedores,233,35.9,9482519,76688881
2023-04-01,2023,4,2023,Graneles_secos,190,42.6,7731759,55084401
2023-04-01,2023,4,2023,Quimiqueros,196,43.5,7981415,42551378
2023-04-01,2023,4,2023,Tanqueros,117,37.9,4095879,34679792
2023-04-01,2023,4,2023,Carga_refrigerada,72,49.5,2239076,20746463
2023-04-01,2023,4,2023,Vehiculos_RoRo,54,38.0,2491093,10097197
2023-04-01,2023,4,2023,Gas_licuado_GLP,48,47.6,1985879,13938831
2023-04-01,2023,4,2023,Gas_natural_GNL,34,39.3,1371978,6424998
2023-04-01,2023,4,2023,Pasajeros,16,39.5,590376,4561021
2023-04-01,2023,4,2023,Otros,41,37.9,2043863,9285052
2023-05-01,2023,5,2023,Portacontenedores,265,34.4,10520073,94583229
2023-05-01,2023,5,2023,Graneles_secos,205,40.4,7682530,53059967
2023-05-01,2023,5,2023,Quimiqueros,193,40.2,8544695,53801972
2023-05-01,2023,5,2023,Tanqueros,123,34.2,5026753,38939950
2023-05-01,2023,5,2023,Carga_refrigerada,66,39.2,2537169,18773965
2023-05-01,2023,5,2023,Vehiculos_RoRo,55,45.9,2697896,12514033
2023-05-01,2023,5,2023,Gas_licuado_GLP,48,36.9,1938433,14042532
2023-05-01,2023,5,2023,Gas_natural_GNL,30,43.6,1164117,7657264
2023-05-01,2023,5,2023,Pasajeros,14,37.7,753109,4272125
2023-05-01,2023,5,2023,Otros,45,49.1,1653941,12726754
2023-06-01,2023,6,2023,Portacontenedores,160,36.9,6393494,38034208
2023-06-01,2023,6,2023,Graneles_secos,124,39.4,4373015,38896949
2023-06-01,2023,6,2023,Quimiqueros,125,51.2,5173615,35360088
2023-06-01,2023,6,2023,Tanqueros,79,46.8,4262524,23058254
2023-06-01,2023,6,2023,Carga_refrigerada,46,40.8,1657313,15570733
2023-06-01,2023,6,2023,Vehiculos_RoRo,41,40.4,1045868,9867197
2023-06-01,2023,6,2023,Gas_licuado_GLP,33,44.9,1777820,7138542
2023-06-01,2023,6,2023,Gas_natural_GNL,21,44.1,666399,5873360
2023-06-01,2023,6,2023,Pasajeros,10,38.8,301827,2669720
2023-06-01,2023,6,2023,Otros,28,39.4,1133782,7343826
2023-07-01,2023,7,2023,Portacontenedores,165,41.8,7023156,43496317
2023-07-01,2023,7,2023,Graneles_secos,128,32.3,6248483,35837116
2023-07-01,2023,7,2023,Quimiqueros,128,43.8,3760316,25733970
2023-07-01,2023,7,2023,Tanqueros,84,40.0,3894358,21967253
2023-07-01,2023,7,2023,Carga_refrigerada,50,43.7,2443592,13478343
2023-07-01,2023,7,2023,Vehiculos_RoRo,33,43.1,1807536,10090817
2023-07-01,2023,7,2023,Gas_licuado_GLP,29,42.7,1504642,9928226
2023-07-01,2023,7,2023,Gas_natural_GNL,19,39.1,968585,5363631
2023-07-01,2023,7,2023,Pasajeros,9,41.7,446663,2551666
2023-07-01,2023,7,2023,Otros,28,39.0,1591134,6831224
2023-08-01,2023,8,2023,Portacontenedores,155,40.0,8064902,34116286
2023-08-01,2023,8,2023,Graneles_secos,114,31.8,5159818,26820525
2023-08-01,2023,8,2023,Quimiqueros,121,42.6,4823986,34999404
2023-08-01,2023,8,2023,Tanqueros,78,42.7,3806479,19681166
2023-08-01,2023,8,2023,Carga_refrigerada,46,44.2,2214762,10309589
2023-08-01,2023,8,2023,Vehiculos_RoRo,38,35.7,2139403,12196630
2023-08-01,2023,8,2023,Gas_licuado_GLP,30,40.6,1299832,9214228
2023-08-01,2023,8,2023,Gas_natural_GNL,19,40.9,987534,4893027
2023-08-01,2023,8,2023,Pasajeros,9,35.2,328357,1861777
2023-08-01,2023,8,2023,Otros,27,47.2,1522871,5803828
2023-09-01,2023,9,2023,Portacontenedores,165,45.7,6822010,46869553
2023-09-01,2023,9,2023,Graneles_secos,107,41.1,3904592,30814437
2023-09-01,2023,9,2023,Quimiqueros,111,42.2,5904767,27602681
2023-09-01,2023,9,2023,Tanqueros,74,31.4,3172283,18998481
2023-09-01,2023,9,2023,Carga_refrigerada,42,41.8,1738809,9952763
2023-09-01,2023,9,2023,Vehiculos_RoRo,35,44.3,1743822,9617963
2023-09-01,2023,9,2023,Gas_licuado_GLP,30,35.4,1357768,8576786
2023-09-01,2023,9,2023,Gas_natural_GNL,19,41.7,736374,5707463
2023-09-01,2023,9,2023,Pasajeros,10,28.3,545224,1580946
2023-09-01,2023,9,2023,Otros,25,44.1,1061542,5533814
2023-10-01,2023,10,2024,Portacontenedores,150,44.1,4444194,48773946
2023-10-01,2023,10,2024,Graneles_secos,123,35.2,4961214,29435256
2023-10-01,2023,10,2024,Quimiqueros,130,42.9,4062072,34301320
2023-10-01,2023,10,2024,Tanqueros,76,45.2,2599139,26156856
2023-10-01,2023,10,2024,Carga_refrigerada,46,35.4,1820763,11405021
2023-10-01,2023,10,2024,Vehiculos_RoRo,34,40.4,1196006,6554701
2023-10-01,2023,10,2024,Gas_licuado_GLP,29,32.8,1130498,7065440
2023-10-01,2023,10,2024,Gas_natural_GNL,19,48.0,863574,5506481
2023-10-01,2023,10,2024,Pasajeros,8,37.4,373779,1912150
2023-10-01,2023,10,2024,Otros,28,35.2,1195853,7183622
2023-11-01,2023,11,2024,Portacontenedores,167,37.4,7153086,45182650
2023-11-01,2023,11,2024,Graneles_secos,122,41.9,5722667,33727563
2023-11-01,2023,11,2024,Quimiqueros,124,43.2,5346052,33198781
2023-11-01,2023,11,2024,Tanqueros,83,46.8,2845003,25795924
2023-11-01,2023,11,2024,Carga_refrigerada,42,40.9,2419227,12580963
2023-11-01,2023,11,2024,Vehiculos_RoRo,38,37.8,1719438,10256864
2023-11-01,2023,11,2024,Gas_licuado_GLP,29,38.8,1351024,7230028
2023-11-01,2023,11,2024,Gas_natural_GNL,19,34.6,914390,5734445
2023-11-01,2023,11,2024,Pasajeros,10,43.9,457029,2956804
2023-11-01,2023,11,2024,Otros,28,39.6,1141095,10319850
2023-12-01,2023,12,2024,Portacontenedores,168,37.3,8143309,48732461
2023-12-01,2023,12,2024,Graneles_secos,121,44.5,5353819,28503093
2023-12-01,2023,12,2024,Quimiqueros,142,42.5,4953480,49854398
2023-12-01,2023,12,2024,Tanqueros,89,40.0,5137235,25487100
2023-12-01,2023,12,2024,Carga_refrigerada,50,37.4,2482740,14953205
2023-12-01,2023,12,2024,Vehiculos_RoRo,39,36.8,1795538,10811113
2023-12-01,2023,12,2024,Gas_licuado_GLP,29,34.1,1436115,5101809
2023-12-01,2023,12,2024,Gas_natural_GNL,21,38.1,1164785,5465486
2023-12-01,2023,12,2024,Pasajeros,11,38.4,505009,3404208
2023-12-01,2023,12,2024,Otros,28,44.0,1037411,8169943
2024-01-01,2024,1,2024,Portacontenedores,205,42.6,12367969,51139797
2024-01-01,2024,1,2024,Graneles_secos,137,36.0,6888845,41088617
2024-01-01,2024,1,2024,Quimiqueros,150,35.5,7670240,34651771
2024-01-01,2024,1,2024,Tanqueros,104,51.4,4984887,31545729
2024-01-01,2024,1,2024,Carga_refrigerada,55,32.8,2209803,12995630
2024-01-01,2024,1,2024,Vehiculos_RoRo,40,46.9,1887316,11807500
2024-01-01,2024,1,2024,Gas_licuado_GLP,35,39.3,1845074,9754728
2024-01-01,2024,1,2024,Gas_natural_GNL,25,39.2,1056569,5593085
2024-01-01,2024,1,2024,Pasajeros,10,39.0,454519,2285547
2024-01-01,2024,1,2024,Otros,32,40.2,888061,7788640
2024-02-01,2024,2,2024,Portacontenedores,205,41.5,7332973,58699274
2024-02-01,2024,2,2024,Graneles_secos,163,43.1,7210747,42588794
2024-02-01,2024,2,2024,Quimiqueros,148,41.9,6891003,45166071
2024-02-01,2024,2,2024,Tanqueros,100,43.3,4575674,31138754
2024-02-01,2024,2,2024,Carga_refrigerada,61,36.8,1862625,20846122
2024-02-01,2024,2,2024,Vehiculos_RoRo,46,33.1,1807314,14300248
2024-02-01,2024,2,2024,Gas_licuado_GLP,36,38.0,2023453,8571906
2024-02-01,2024,2,2024,Gas_natural_GNL,23,40.8,1106843,6896635
2024-02-01,2024,2,2024,Pasajeros,13,40.8,635895,3505211
2024-02-01,2024,2,2024,Otros,33,40.4,1541785,10259752
2024-03-01,2024,3,2024,Portacontenedores,208,40.2,8013614,58803024
2024-03-01,2024,3,2024,Graneles_secos,155,40.8,9711091,40152608
2024-03-01,2024,3,2024,Quimiqueros,159,44.3,7279658,59388694
2024-03-01,2024,3,2024,Tanqueros,98,41.3,3783736,26062023
2024-03-01,2024,3,2024,Carga_refrigerada,59,43.4,2805612,19491511
2024-03-01,2024,3,2024,Vehiculos_RoRo,46,38.7,3065066,13605397
2024-03-01,2024,3,2024,Gas_licuado_GLP,36,37.2,1348508,11428659
2024-03-01,2024,3,2024,Gas_natural_GNL,24,40.5,1067806,7422232
2024-03-01,2024,3,2024,Pasajeros,11,35.7,514738,3344422
2024-03-01,2024,3,2024,Otros,34,36.8,1714275,8508349
2024-04-01,2024,4,2024,Portacontenedores,193,36.2,10693988,58930014
2024-04-01,2024,4,2024,Graneles_secos,159,45.0,10732689,33649321
2024-04-01,2024,4,2024,Quimiqueros,147,37.5,5614436,34823810
2024-04-01,2024,4,2024,Tanqueros,98,35.1,4672673,27642657
2024-04-01,2024,4,2024,Carga_refrigerada,60,42.0,2989443,15903818
2024-04-01,2024,4,2024,Vehiculos_RoRo,51,40.9,1535106,12235153
2024-04-01,2024,4,2024,Gas_licuado_GLP,33,40.1,1452843,8621678
2024-04-01,2024,4,2024,Gas_natural_GNL,28,42.2,1422646,6797197
2024-04-01,2024,4,2024,Pasajeros,11,40.1,510224,2263222
2024-04-01,2024,4,2024,Otros,33,40.1,1428200,8166324
2024-05-01,2024,5,2024,Portacontenedores,188,39.3,8596563,57188032
2024-05-01,2024,5,2024,Graneles_secos,159,38.8,6574769,47303490
2024-05-01,2024,5,2024,Quimiqueros,155,38.3,7955087,49473429
2024-05-01,2024,5,2024,Tanqueros,104,47.1,3959141,29177816
2024-05-01,2024,5,2024,Carga_refrigerada,56,39.6,2229130,12352341
2024-05-01,2024,5,2024,Vehiculos_RoRo,44,36.9,2010269,10922483
2024-05-01,2024,5,2024,Gas_licuado_GLP,34,40.9,1571050,10307823
2024-05-01,2024,5,2024,Gas_natural_GNL,27,41.1,1319777,6396233
2024-05-01,2024,5,2024,Pasajeros,11,46.3,413733,2620664
2024-05-01,2024,5,2024,Otros,32,39.6,1208958,8569634
2024-06-01,2024,6,2024,Portacontenedores,257,36.8,8699609,81649862
2024-06-01,2024,6,2024,Graneles_secos,190,37.5,6145106,47540862
2024-06-01,2024,6,2024,Quimiqueros,184,44.7,6754151,50897933
2024-06-01,2024,6,2024,Tanqueros,124,30.5,6605515,28855045
2024-06-01,2024,6,2024,Carga_refrigerada,71,41.0,3811045,21444625
2024-06-01,2024,6,2024,Vehiculos_RoRo,47,36.9,2166965,12793437
2024-06-01,2024,6,2024,Gas_licuado_GLP,46,43.2,2293910,12485734
2024-06-01,2024,6,2024,Gas_natural_GNL,26,38.2,1256604,6145934
2024-06-01,2024,6,2024,Pasajeros,15,43.6,690224,2361732
2024-06-01,2024,6,2024,Otros,36,47.5,1462597,7222833
2024-07-01,2024,7,2024,Portacontenedores,247,40.1,13298362,71896351
2024-07-01,2024,7,2024,Graneles_secos,182,41.5,9205542,67539693
2024-07-01,2024,7,2024,Quimiqueros,187,33.7,9083205,60898276
2024-07-01,2024,7,2024,Tanqueros,123,38.3,6681305,39004492
2024-07-01,2024,7,2024,Carga_refrigerada,77,37.0,3152441,20617153
2024-07-01,2024,7,2024,Vehiculos_RoRo,51,36.4,1167828,13393213
2024-07-01,2024,7,2024,Gas_licuado_GLP,44,38.0,2661254,12343541
2024-07-01,2024,7,2024,Gas_natural_GNL,31,41.0,1599949,9026259
2024-07-01,2024,7,2024,Pasajeros,15,40.2,734534,4419799
2024-07-01,2024,7,2024,Otros,37,41.6,2326378,9959812
2024-08-01,2024,8,2024,Portacontenedores,228,45.0,12339821,63946853
2024-08-01,2024,8,2024,Graneles_secos,147,42.1,4004898,49803230
2024-08-01,2024,8,2024,Quimiqueros,173,44.0,6536478,37696648
2024-08-01,2024,8,2024,Tanqueros,113,39.9,4640647,32022668
2024-08-01,2024,8,2024,Carga_refrigerada,75,43.3,4004699,23531810
2024-08-01,2024,8,2024,Vehiculos_RoRo,55,39.2,1570905,14985110
2024-08-01,2024,8,2024,Gas_licuado_GLP,43,36.1,1874330,10850156
2024-08-01,2024,8,2024,Gas_natural_GNL,30,43.0,1506369,9145921
2024-08-01,2024,8,2024,Pasajeros,13,40.8,461740,2503050
2024-08-01,2024,8,2024,Otros,37,41.3,2022942,12685577
2024-09-01,2024,9,2024,Portacontenedores,241,36.0,10165833,72110422
2024-09-01,2024,9,2024,Graneles_secos,196,45.9,10575214,51839742
2024-09-01,2024,9,2024,Quimiqueros,161,43.2,5827348,43544469
2024-09-01,2024,9,2024,Tanqueros,109,46.4,4595703,19884871
2024-09-01,2024,9,2024,Carga_refrigerada,66,37.2,2992509,18251099
2024-09-01,2024,9,2024,Vehiculos_RoRo,49,43.2,1604116,12706652
2024-09-01,2024,9,2024,Gas_licuado_GLP,43,37.5,1381570,13189915
2024-09-01,2024,9,2024,Gas_natural_GNL,29,39.8,850083,8938924
2024-09-01,2024,9,2024,Pasajeros,12,41.2,454803,2803277
2024-09-01,2024,9,2024,Otros,35,39.3,1394621,10624184
2024-10-01,2024,10,2025,Portacontenedores,217,43.9,10253116,54705203
2024-10-01,2024,10,2025,Graneles_secos,163,33.4,7714116,43328089
2024-10-01,2024,10,2025,Quimiqueros,147,37.9,5555383,50424984
2024-10-01,2024,10,2025,Tanqueros,100,34.2,5387975,33427052
2024-10-01,2024,10,2025,Carga_refrigerada,62,37.5,3095652,11588792
2024-10-01,2024,10,2025,Vehiculos_RoRo,45,38.9,2582960,11815685
2024-10-01,2024,10,2025,Gas_licuado_GLP,42,44.5,2597913,10790894
2024-10-01,2024,10,2025,Gas_natural_GNL,27,47.3,886204,8669787
2024-10-01,2024,10,2025,Pasajeros,13,40.4,559767,3141833
2024-10-01,2024,10,2025,Otros,35,41.1,1853751,9618369
2024-11-01,2024,11,2025,Portacontenedores,231,42.3,8599448,71514758
2024-11-01,2024,11,2025,Graneles_secos,186,50.4,7810356,48671871
2024-11-01,2024,11,2025,Quimiqueros,185,43.3,7533071,48816596
2024-11-01,2024,11,2025,Tanqueros,118,36.7,4922455,33462877
2024-11-01,2024,11,2025,Carga_refrigerada,71,37.6,2148525,14436863
2024-11-01,2024,11,2025,Vehiculos_RoRo,48,34.7,2100629,11157350
2024-11-01,2024,11,2025,Gas_licuado_GLP,41,36.9,1700513,13648907
2024-11-01,2024,11,2025,Gas_natural_GNL,29,40.1,1198041,7617450
2024-11-01,2024,11,2025,Pasajeros,14,42.3,528346,3940429
2024-11-01,2024,11,2025,Otros,33,40.8,1686207,8870309
2024-12-01,2024,12,2025,Portacontenedores,266,36.5,12432713,74098824
2024-12-01,2024,12,2025,Graneles_secos,183,39.5,8391801,57447058
2024-12-01,2024,12,2025,Quimiqueros,200,40.0,10304505,50385864
2024-12-01,2024,12,2025,Tanqueros,125,37.0,6715659,46053204
2024-12-01,2024,12,2025,Carga_refrigerada,69,31.2,2802463,22719975
2024-12-01,2024,12,2025,Vehiculos_RoRo,56,41.0,2971883,16765175
2024-12-01,2024,12,2025,Gas_licuado_GLP,48,43.7,2744332,14128888
2024-12-01,2024,12,2025,Gas_natural_GNL,31,38.8,1245837,10796391
2024-12-01,2024,12,2025,Pasajeros,15,43.2,689848,3848090
2024-12-01,2024,12,2025,Otros,40,45.7,1977676,8461642
2025-01-01,2025,1,2025,Portacontenedores,290,47.1,12553991,60314447
2025-01-01,2025,1,2025,Graneles_secos,252,42.7,11198854,66816109
2025-01-01,2025,1,2025,Quimiqueros,241,37.8,13058838,72706762
2025-01-01,2025,1,2025,Tanqueros,149,40.6,6496438,47952015
2025-01-01,2025,1,2025,Carga_refrigerada,81,33.5,4043157,24725212
2025-01-01,2025,1,2025,Vehiculos_RoRo,69,41.6,2928061,21493452
2025-01-01,2025,1,2025,Gas_licuado_GLP,55,38.1,2337767,19845407
2025-01-01,2025,1,2025,Gas_natural_GNL,32,42.0,1010147,8821461
2025-01-01,2025,1,2025,Pasajeros,17,31.7,817909,4501574
2025-01-01,2025,1,2025,Otros,42,43.4,2372162,14263408
2025-02-01,2025,2,2025,Portacontenedores,309,40.2,17188203,107314261
2025-02-01,2025,2,2025,Graneles_secos,249,36.2,11606078,74097580
2025-02-01,2025,2,2025,Quimiqueros,208,41.9,13142258,63564268
2025-02-01,2025,2,2025,Tanqueros,164,40.7,7283937,48421140
2025-02-01,2025,2,2025,Carga_refrigerada,83,36.1,4575826,27796176
2025-02-01,2025,2,2025,Vehiculos_RoRo,65,43.9,2879780,19083502
2025-02-01,2025,2,2025,Gas_licuado_GLP,58,44.0,2648381,19511575
2025-02-01,2025,2,2025,Gas_natural_GNL,38,42.5,1456688,13921161
2025-02-01,2025,2,2025,Pasajeros,19,42.9,610555,4694746
2025-02-01,2025,2,2025,Otros,54,41.1,1603247,17362706
2025-03-01,2025,3,2025,Portacontenedores,295,45.6,13067707,85015538
2025-03-01,2025,3,2025,Graneles_secos,252,36.4,9338420,68579295
2025-03-01,2025,3,2025,Quimiqueros,247,34.7,7818963,77298362
2025-03-01,2025,3,2025,Tanqueros,147,38.4,4431390,37167601
2025-03-01,2025,3,2025,Carga_refrigerada,89,43.7,3455884,30820258
2025-03-01,2025,3,2025,Vehiculos_RoRo,67,37.3,3839023,19326713
2025-03-01,2025,3,2025,Gas_licuado_GLP,55,39.4,3070352,18625646
2025-03-01,2025,3,2025,Gas_natural_GNL,36,39.8,1645965,8659814
2025-03-01,2025,3,2025,Pasajeros,19,40.0,1028311,6237643
2025-03-01,2025,3,2025,Otros,49,39.1,2465402,12573030
2025-04-01,2025,4,2025,Portacontenedores,313,39.6,11657625,75660404
2025-04-01,2025,4,2025,Graneles_secos,253,39.4,14705076,65642001
2025-04-01,2025,4,2025,Quimiqueros,237,49.6,8660194,48368718
2025-04-01,2025,4,2025,Tanqueros,163,36.7,7307998,41819813
2025-04-01,2025,4,2025,Carga_refrigerada,89,36.2,3876882,26521342
2025-04-01,2025,4,2025,Vehiculos_RoRo,65,37.2,2744360,14485079
2025-04-01,2025,4,2025,Gas_licuado_GLP,55,40.5,2299198,14802971
2025-04-01,2025,4,2025,Gas_natural_GNL,37,37.4,1869554,12485247
2025-04-01,2025,4,2025,Pasajeros,18,41.9,775495,5303150
2025-04-01,2025,4,2025,Otros,55,42.0,1694697,16398790
2025-05-01,2025,5,2025,Portacontenedores,316,39.1,16736964,79756939
2025-05-01,2025,5,2025,Graneles_secos,206,40.6,6375326,55704286
2025-05-01,2025,5,2025,Quimiqueros,244,32.4,8482422,58247365
2025-05-01,2025,5,2025,Tanqueros,146,38.5,8204191,46453394
2025-05-01,2025,5,2025,Carga_refrigerada,88,40.6,4236833,21605822
2025-05-01,2025,5,2025,Vehiculos_RoRo,70,35.6,3617811,22921199
2025-05-01,2025,5,2025,Gas_licuado_GLP,55,39.3,2651136,9104659
2025-05-01,2025,5,2025,Gas_natural_GNL,37,39.5,1650014,11405668
2025-05-01,2025,5,2025,Pasajeros,18,35.4,789638,5088639
2025-05-01,2025,5,2025,Otros,49,40.6,2612432,11591372
2025-06-01,2025,6,2025,Portacontenedores,286,45.2,8901208,82135158
2025-06-01,2025,6,2025,Graneles_secos,210,38.5,7929923,57375773
2025-06-01,2025,6,2025,Quimiqueros,242,34.9,8625635,55157273
2025-06-01,2025,6,2025,Tanqueros,156,38.2,6988002,41166634
2025-06-01,2025,6,2025,Carga_refrigerada,77,39.1,4979278,25847578
2025-06-01,2025,6,2025,Vehiculos_RoRo,61,42.6,2339216,12745662
2025-06-01,2025,6,2025,Gas_licuado_GLP,56,44.6,2988631,14627501
2025-06-01,2025,6,2025,Gas_natural_GNL,35,43.0,1684618,9248907
2025-06-01,2025,6,2025,Pasajeros,15,40.5,804481,3481447
2025-06-01,2025,6,2025,Otros,49,41.3,2499058,15429071
2025-07-01,2025,7,2025,Portacontenedores,260,33.5,10590279,82046924
2025-07-01,2025,7,2025,Graneles_secos,202,37.2,6146697,70721392
2025-07-01,2025,7,2025,Quimiqueros,219,43.1,11550454,66371965
2025-07-01,2025,7,2025,Tanqueros,133,39.3,5530071,51256820
2025-07-01,2025,7,2025,Carga_refrigerada,81,38.1,3946641,19404784
2025-07-01,2025,7,2025,Vehiculos_RoRo,67,37.4,3283581,21616820
2025-07-01,2025,7,2025,Gas_licuado_GLP,52,40.4,2344493,14442602
2025-07-01,2025,7,2025,Gas_natural_GNL,32,38.2,1818775,8821073
2025-07-01,2025,7,2025,Pasajeros,16,37.9,860847,4912388
2025-07-01,2025,7,2025,Otros,46,39.0,2280997,11695847
2025-08-01,2025,8,2025,Portacontenedores,259,43.9,13466503,62347413
2025-08-01,2025,8,2025,Graneles_secos,192,40.4,11291339,39048459
2025-08-01,2025,8,2025,Quimiqueros,206,34.5,8224622,54677109
2025-08-01,2025,8,2025,Tanqueros,128,37.9,5767380,33099491
2025-08-01,2025,8,2025,Carga_refrigerada,70,43.1,3571608,21960888
2025-08-01,2025,8,2025,Vehiculos_RoRo,54,41.2,2722022,12892603
2025-08-01,2025,8,2025,Gas_licuado_GLP,49,39.5,2927123,17492012
2025-08-01,2025,8,2025,Gas_natural_GNL,29,50.0,1092667,9257581
2025-08-01,2025,8,2025,Pasajeros,17,36.0,832084,4686877
2025-08-01,2025,8,2025,Otros,45,40.9,2455682,12735719
2025-09-01,2025,9,2025,Portacontenedores,257,44.4,12758294,79483041
2025-09-01,2025,9,2025,Graneles_secos,192,35.8,7767978,48992091
2025-09-01,2025,9,2025,Quimiqueros,210,43.9,9189381,70819719
2025-09-01,2025,9,2025,Tanqueros,140,41.0,5379481,48022109
2025-09-01,2025,9,2025,Carga_refrigerada,75,40.5,3171236,18330629
2025-09-01,2025,9,2025,Vehiculos_RoRo,54,42.5,2091570,21728587
2025-09-01,2025,9,2025,Gas_licuado_GLP,45,35.0,2208649,15352764
2025-09-01,2025,9,2025,Gas_natural_GNL,32,42.3,968051,8092785
2025-09-01,2025,9,2025,Pasajeros,15,32.4,689037,2854303
2025-09-01,2025,9,2025,Otros,39,37.9,1495638,11538397
2025-10-01,2025,10,2026,Portacontenedores,268,43.6,13673110,87269513
2025-10-01,2025,10,2026,Graneles_secos,203,41.2,9965698,57990252
2025-10-01,2025,10,2026,Quimiqueros,198,38.7,7614987,58779205
2025-10-01,2025,10,2026,Tanqueros,131,37.3,5200967,30337510
2025-10-01,2025,10,2026,Carga_refrigerada,81,40.3,3085905,25299694
2025-10-01,2025,10,2026,Vehiculos_RoRo,58,34.4,3083847,14993934
2025-10-01,2025,10,2026,Gas_licuado_GLP,48,40.2,2598754,13478471
2025-10-01,2025,10,2026,Gas_natural_GNL,30,42.2,1233602,10665508
2025-10-01,2025,10,2026,Pasajeros,16,31.1,765742,5724542
2025-10-01,2025,10,2026,Otros,48,47.3,1768412,15191332
2025-11-01,2025,11,2026,Portacontenedores,260,40.9,9052258,66097660
2025-11-01,2025,11,2026,Graneles_secos,201,43.6,10332556,58505630
2025-11-01,2025,11,2026,Quimiqueros,192,38.8,7493965,60439109
2025-11-01,2025,11,2026,Tanqueros,145,44.2,5648945,24710707
2025-11-01,2025,11,2026,Carga_refrigerada,70,45.7,2925297,17497971
2025-11-01,2025,11,2026,Vehiculos_RoRo,68,45.1,3073300,18241943
2025-11-01,2025,11,2026,Gas_licuado_GLP,50,40.9,2890018,14844934
2025-11-01,2025,11,2026,Gas_natural_GNL,35,44.7,1247490,10856806
2025-11-01,2025,11,2026,Pasajeros,16,29.9,447594,3828404
2025-11-01,2025,11,2026,Otros,46,40.5,2137846,16469736
2025-12-01,2025,12,2026,Portacontenedores,261,39.9,12380661,65393308
2025-12-01,2025,12,2026,Graneles_secos,218,33.6,12268876,55096321
2025-12-01,2025,12,2026,Quimiqueros,244,39.9,12986760,67799763
2025-12-01,2025,12,2026,Tanqueros,141,37.7,6479371,41273512
2025-12-01,2025,12,2026,Carga_refrigerada,78,39.5,3129298,29014951
2025-12-01,2025,12,2026,Vehiculos_RoRo,64,46.2,2779841,18583776
2025-12-01,2025,12,2026,Gas_licuado_GLP,48,38.2,2240845,16485127
2025-12-01,2025,12,2026,Gas_natural_GNL,35,45.5,1754404,12078361
2025-12-01,2025,12,2026,Pasajeros,17,49.6,698986,4238805
2025-12-01,2025,12,2026,Otros,43,49.3,2216889,11465312
